"","Iteration","Combo","GammaCV","AlphaCV","PhiCV","GammaHBD","AlphaHBD","PhiHBD","combo_type","HBD_diff","taxa"
"1","Iteration_1","Glacier-fed_Glacier-fed_Glacier-fed",0.434697693527476,0.476434916784682,0.91239680009417,0.0628652310836808,0.0649658689133803,0.967665516295945,"Homogenous",0.00210063782969949,"fish"
"2","Iteration_1","Glacier-fed_Glacier-fed_Rain-fed",0.350670043826708,0.580549281691764,0.604031483433808,0.052172605019491,0.0723416303763585,0.721197528284367,"2:1",0.0201690253568675,"fish"
"3","Iteration_1","Glacier-fed_Glacier-fed_Snow-fed",0.491177571653393,0.726758184867661,0.675847320168584,0.0456878645292324,0.0799282233475168,0.571611160810969,"2:1",0.0342403588182843,"fish"
"4","Iteration_1","Glacier-fed_Rain-fed_Rain-fed",0.302963874819028,0.626718016813394,0.48341338000697,0.0707428534810218,0.0893221196814781,0.791997029775941,"2:1",0.0185792662004563,"fish"
"5","Iteration_1","Glacier-fed_Rain-fed_Snow-fed",0.142399024612392,0.521032947691359,0.273301381886398,0.064570672626898,0.121217950965083,0.532682429564394,"Heterogenous",0.0566472783381852,"fish"
"6","Iteration_1","Glacier-fed_Snow-fed_Snow-fed",0.274956776920695,0.80074429570629,0.343376504078835,0.0458766510253728,0.1023456470686,0.448252098055746,"2:1",0.0564689960432271,"fish"
"7","Iteration_1","Rain-fed_Rain-fed_Rain-fed",0.553188011071061,0.564864623912551,0.97932847562552,0.129583560841433,0.135072638346181,0.959362032370462,"Homogenous",0.00548907750474839,"fish"
"8","Iteration_1","Rain-fed_Rain-fed_Snow-fed",0.304198879216694,0.665827941283627,0.45687310543057,0.105435130880363,0.146140706580973,0.721463125141962,"2:1",0.0407055757006098,"fish"
"9","Iteration_1","Rain-fed_Snow-fed_Snow-fed",0.335586581623502,0.773618845264612,0.433788012892469,0.118717975954008,0.227469658998112,0.521906862114713,"2:1",0.108751683044104,"fish"
"10","Iteration_1","Snow-fed_Snow-fed_Snow-fed",1.26954697943416,1.30790317216839,0.970673522665567,0.16753809635452,0.172400758390738,0.971794427811058,"Homogenous",0.0048626620362183,"fish"
"11","Iteration_2","Glacier-fed_Glacier-fed_Glacier-fed",0.538224999773488,0.550210353150614,0.978216779621656,0.0560980313086703,0.056852267797154,0.986733396613575,"Homogenous",0.000754236488483689,"fish"
"12","Iteration_2","Glacier-fed_Glacier-fed_Rain-fed",0.313484288441762,0.514075668621515,0.609801839644278,0.0629563715037269,0.0743274210940649,0.847014070675917,"2:1",0.011371049590338,"fish"
"13","Iteration_2","Glacier-fed_Glacier-fed_Snow-fed",0.356310281425572,0.5808906775232,0.613386124468044,0.030798100023321,0.0676506974636774,0.45525177386171,"2:1",0.0368525974403564,"fish"
"14","Iteration_2","Glacier-fed_Rain-fed_Rain-fed",0.244416356767771,0.519066963924355,0.47087634882383,0.0675880529049604,0.0869906679600591,0.776957511534372,"2:1",0.0194026150550988,"fish"
"15","Iteration_2","Glacier-fed_Rain-fed_Snow-fed",0.156830333877224,0.607354309502615,0.2582188541737,0.0602832066639353,0.10325942549691,0.583803428828289,"Heterogenous",0.0429762188329747,"fish"
"16","Iteration_2","Glacier-fed_Snow-fed_Snow-fed",0.396065952886091,0.994545527631036,0.39823813177211,0.0463116812396542,0.110412120317444,0.419443817458666,"2:1",0.0641004390777898,"fish"
"17","Iteration_2","Rain-fed_Rain-fed_Rain-fed",0.4629448951297,0.469735206567049,0.985544384703513,0.124764537457017,0.127464100022441,0.978820996932089,"Homogenous",0.00269956256542375,"fish"
"18","Iteration_2","Rain-fed_Rain-fed_Snow-fed",0.344354788854254,0.703765104563496,0.489303585274858,0.0969641066016931,0.147305017769369,0.65825392827763,"2:1",0.0503409111676757,"fish"
"19","Iteration_2","Rain-fed_Snow-fed_Snow-fed",0.303318634501689,0.700150387279872,0.433219262621707,0.096016440485279,0.162361493983091,0.591374457882721,"2:1",0.0663450534978119,"fish"
"20","Iteration_2","Snow-fed_Snow-fed_Snow-fed",1.26506398207324,1.28529322873775,0.984260987133362,0.16762641436168,0.169469913066431,0.989121970552798,"Homogenous",0.00184349870475131,"fish"
"21","Iteration_3","Glacier-fed_Glacier-fed_Glacier-fed",0.443941895261767,0.459906586188566,0.965287100889107,0.0505467009264793,0.0510088687363323,0.990939461679851,"Homogenous",0.00046216780985299,"fish"
"22","Iteration_3","Glacier-fed_Glacier-fed_Rain-fed",0.341313631537305,0.507256787014333,0.672861635910769,0.046514027864893,0.0634743797894068,0.732800037104981,"2:1",0.0169603519245138,"fish"
"23","Iteration_3","Glacier-fed_Glacier-fed_Snow-fed",0.351890528134976,0.567761587031736,0.619785727270955,0.0291021377038927,0.068556679746393,0.424497478751134,"2:1",0.0394545420425002,"fish"
"24","Iteration_3","Glacier-fed_Rain-fed_Rain-fed",0.176960021113806,0.452907683182832,0.390719847961532,0.0635719739815387,0.0839440121817261,0.757313980226666,"2:1",0.0203720382001874,"fish"
"25","Iteration_3","Glacier-fed_Rain-fed_Snow-fed",0.182576343142183,0.617985533205101,0.295437891879563,0.0564615788329844,0.0949777497461588,0.594471641872815,"Heterogenous",0.0385161709131744,"fish"
"26","Iteration_3","Glacier-fed_Snow-fed_Snow-fed",0.165644578974507,0.461153434960894,0.35919623799084,0.0351200996277356,0.0998036155471516,0.35189205756923,"2:1",0.064683515919416,"fish"
"27","Iteration_3","Rain-fed_Rain-fed_Rain-fed",0.5185776816608,0.52774598579953,0.982627429889704,0.13720254030116,0.138768230646396,0.988717227726095,"Homogenous",0.00156569034523596,"fish"
"28","Iteration_3","Rain-fed_Rain-fed_Snow-fed",0.388945031023381,0.730892793295509,0.532150589787149,0.0947138973392908,0.139222265294115,0.680307112796952,"2:1",0.0445083679548243,"fish"
"29","Iteration_3","Rain-fed_Snow-fed_Snow-fed",0.340648137925653,0.90049587467084,0.378289504158107,0.106485274723945,0.149278778801922,0.713331630782166,"2:1",0.0427935040779766,"fish"
"30","Iteration_3","Snow-fed_Snow-fed_Snow-fed",1.28354387813364,1.34315074903114,0.955621607670993,0.162380980569026,0.174621868655757,0.929900600761168,"Homogenous",0.0122408880867309,"fish"
"31","Iteration_4","Glacier-fed_Glacier-fed_Glacier-fed",0.298871079775633,0.323946931701137,0.92259271667176,0.0573336831611065,0.0579731983692755,0.988968778225838,"Homogenous",0.000639515208168989,"fish"
"32","Iteration_4","Glacier-fed_Glacier-fed_Rain-fed",0.249307600435956,0.450570918021404,0.553314895534631,0.0645888909431356,0.0764813202013138,0.844505439669778,"2:1",0.0118924292581782,"fish"
"33","Iteration_4","Glacier-fed_Glacier-fed_Snow-fed",0.292304347900624,0.482743254082059,0.60550685157982,0.0332455390934438,0.064448292113303,0.515848256071652,"2:1",0.0312027530198592,"fish"
"34","Iteration_4","Glacier-fed_Rain-fed_Rain-fed",0.201795008017636,0.364434311730075,0.553721209892826,0.0791570256877119,0.112099419803523,0.706132340617382,"2:1",0.0329423941158107,"fish"
"35","Iteration_4","Glacier-fed_Rain-fed_Snow-fed",0.0976904407765493,0.418207001268943,0.233593508669469,0.0660509513257523,0.116684123835023,0.56606630923621,"Heterogenous",0.0506331725092706,"fish"
"36","Iteration_4","Glacier-fed_Snow-fed_Snow-fed",0.190194223989267,0.533565958894836,0.356458692348388,0.0328866471174021,0.094661001890362,0.347414948718713,"2:1",0.0617743547729599,"fish"
"37","Iteration_4","Rain-fed_Rain-fed_Rain-fed",0.576064500447695,0.583748391017229,0.98683698201524,0.123033580996635,0.12454457977284,0.987867807824629,"Homogenous",0.00151099877620495,"fish"
"38","Iteration_4","Rain-fed_Rain-fed_Snow-fed",0.377779289773698,0.79937531014599,0.472593142393532,0.098631470212333,0.132755561373736,0.74295546786672,"2:1",0.034124091161403,"fish"
"39","Iteration_4","Rain-fed_Snow-fed_Snow-fed",0.328213561862208,0.870024651669924,0.377246278289052,0.101042029734932,0.152869687788232,0.660968378995477,"2:1",0.0518276580532996,"fish"
"40","Iteration_4","Snow-fed_Snow-fed_Snow-fed",1.31172362378793,1.33380033023562,0.983448267370134,0.16465311440835,0.167920823725004,0.980540178137727,"Homogenous",0.00326770931665477,"fish"
"41","Iteration_5","Glacier-fed_Glacier-fed_Glacier-fed",0.324639966333135,0.337081645807498,0.963090012081322,0.055997242650821,0.0569943311945296,0.982505478653562,"Homogenous",0.000997088543708662,"fish"
"42","Iteration_5","Glacier-fed_Glacier-fed_Rain-fed",0.282334735516164,0.449156788121267,0.628588374890456,0.0485630722725198,0.0694000361318743,0.699755720303085,"2:1",0.0208369638593545,"fish"
"43","Iteration_5","Glacier-fed_Glacier-fed_Snow-fed",0.261370195756462,0.471717706536649,0.554081799632755,0.0482879330407768,0.0795176962097625,0.607260211782247,"2:1",0.0312297631689857,"fish"
"44","Iteration_5","Glacier-fed_Rain-fed_Rain-fed",0.193619220778325,0.413449600423953,0.468301869392997,0.0712688552727098,0.0912173809106385,0.781307844636853,"2:1",0.0199485256379287,"fish"
"45","Iteration_5","Glacier-fed_Rain-fed_Snow-fed",0.13220304793289,0.544412239560721,0.242836288984912,0.0533767340765861,0.101522975473531,0.525760142742293,"Heterogenous",0.0481462413969453,"fish"
"46","Iteration_5","Glacier-fed_Snow-fed_Snow-fed",0.278226683017462,0.611047780240978,0.455327213377223,0.0336100537714712,0.106054490987656,0.316913064769537,"2:1",0.0724444372161845,"fish"
"47","Iteration_5","Rain-fed_Rain-fed_Rain-fed",0.509819953458137,0.521486887834385,0.977627559487262,0.125909785170163,0.128229455613188,0.981910003189732,"Homogenous",0.00231967044302497,"fish"
"48","Iteration_5","Rain-fed_Rain-fed_Snow-fed",0.279598810173054,0.632358599159064,0.442152301787112,0.102109390042396,0.139184928359804,0.733623900559373,"2:1",0.0370755383174077,"fish"
"49","Iteration_5","Rain-fed_Snow-fed_Snow-fed",0.306445914181966,0.682685696564298,0.448882869121462,0.103994494646362,0.15975008593149,0.65098240191846,"2:1",0.0557555912851284,"fish"
"50","Iteration_5","Snow-fed_Snow-fed_Snow-fed",1.2259808318349,1.23444055033457,0.993146921091196,0.164091513999747,0.168303432033886,0.974974259388299,"Homogenous",0.00421191803413917,"fish"
"51","Iteration_6","Glacier-fed_Glacier-fed_Glacier-fed",0.567733363138675,0.579246242152334,0.980124378587454,0.05218981031931,0.0525867573820463,0.992451577497876,"Homogenous",0.000396947062736359,"fish"
"52","Iteration_6","Glacier-fed_Glacier-fed_Rain-fed",0.262947326835133,0.452477421925998,0.581128060966847,0.0547367821825843,0.0789736090666462,0.693102199956338,"2:1",0.0242368268840619,"fish"
"53","Iteration_6","Glacier-fed_Glacier-fed_Snow-fed",0.223670228899033,0.39875691424406,0.560918747510757,0.028763793868359,0.0638736032167391,0.450323645759521,"2:1",0.0351098093483801,"fish"
"54","Iteration_6","Glacier-fed_Rain-fed_Rain-fed",0.278432454045165,0.641430688858137,0.434080343958636,0.0910488949085608,0.0997801106727091,0.912495429146318,"2:1",0.00873121576414826,"fish"
"55","Iteration_6","Glacier-fed_Rain-fed_Snow-fed",0.178895484479041,0.690378462861043,0.25912668790053,0.052178922895191,0.0903260373127884,0.577673110074579,"Heterogenous",0.0381471144175975,"fish"
"56","Iteration_6","Glacier-fed_Snow-fed_Snow-fed",0.198628318857892,0.519053795825642,0.382673858577491,0.0584048181918771,0.122779015898621,0.475690554810294,"2:1",0.0643741977067443,"fish"
"57","Iteration_6","Rain-fed_Rain-fed_Rain-fed",0.429527013178276,0.442945274382478,0.969706729069617,0.138369202095874,0.14219197314759,0.973115422994039,"Homogenous",0.00382277105171597,"fish"
"58","Iteration_6","Rain-fed_Rain-fed_Snow-fed",0.359509062370849,0.649020402113633,0.553925671982041,0.0925912531953197,0.137905913094714,0.671408869405968,"2:1",0.0453146598993944,"fish"
"59","Iteration_6","Rain-fed_Snow-fed_Snow-fed",0.291176687380353,0.786817911710929,0.370068707189433,0.0988868161224714,0.142137228080687,0.69571369484099,"2:1",0.0432504119582159,"fish"
"60","Iteration_6","Snow-fed_Snow-fed_Snow-fed",1.27945646688147,1.29544211102091,0.987660086079152,0.160986956397981,0.177520368220714,0.90686470522539,"Homogenous",0.0165334118227335,"fish"
"61","Iteration_7","Glacier-fed_Glacier-fed_Glacier-fed",0.492854857982341,0.513808015020521,0.959219871186045,0.0535292759196915,0.05650751307998,0.947294846331796,"Homogenous",0.0029782371602884,"fish"
"62","Iteration_7","Glacier-fed_Glacier-fed_Rain-fed",0.287033195185526,0.445262974345495,0.644637465325845,0.053235154294512,0.0729967947776954,0.72928070960697,"2:1",0.0197616404831833,"fish"
"63","Iteration_7","Glacier-fed_Glacier-fed_Snow-fed",0.394789236433434,0.622198809627603,0.634506576233603,0.044384153449937,0.0792503142302766,0.560050188835474,"2:1",0.0348661607803396,"fish"
"64","Iteration_7","Glacier-fed_Rain-fed_Rain-fed",0.184685650980834,0.420630406417543,0.439068712492231,0.0737826612717143,0.0938677694856992,0.786027639475924,"2:1",0.0200851082139849,"fish"
"65","Iteration_7","Glacier-fed_Rain-fed_Snow-fed",0.213512482658885,0.6733446982147,0.317092394467484,0.0627760179477353,0.108741073220447,0.577298127456143,"Heterogenous",0.0459650552727116,"fish"
"66","Iteration_7","Glacier-fed_Snow-fed_Snow-fed",0.365337641043666,0.995889707527181,0.366845483272248,0.0508338313911565,0.09736767802646,0.522081171303502,"2:1",0.0465338466353035,"fish"
"67","Iteration_7","Rain-fed_Rain-fed_Rain-fed",0.492471317987413,0.499718161235379,0.985498139130965,0.127940463362053,0.131121765659604,0.975737801565229,"Homogenous",0.00318130229755087,"fish"
"68","Iteration_7","Rain-fed_Rain-fed_Snow-fed",0.336045902511664,0.736462640329904,0.45629728394794,0.0987416996751743,0.133898465283511,0.73743712794693,"2:1",0.0351567656083371,"fish"
"69","Iteration_7","Rain-fed_Snow-fed_Snow-fed",0.342201716198411,0.96535983277034,0.354480997221915,0.0943796112419786,0.146094417613406,0.64601791624732,"2:1",0.0517148063714278,"fish"
"70","Iteration_7","Snow-fed_Snow-fed_Snow-fed",1.32431005394324,1.40218436471793,0.944462145824635,0.168765465256897,0.176142168263521,0.958120743718859,"Homogenous",0.00737670300662382,"fish"
"71","Iteration_8","Glacier-fed_Glacier-fed_Glacier-fed",0.590657049211346,0.598804562505289,0.98639370204553,0.0614972912288771,0.0621896879195364,0.988866374573947,"Homogenous",0.000692396690659243,"fish"
"72","Iteration_8","Glacier-fed_Glacier-fed_Rain-fed",0.385208842578174,0.554976431239805,0.694099462417938,0.0570768761099596,0.0892056586500917,0.639834703018596,"2:1",0.032128782540132,"fish"
"73","Iteration_8","Glacier-fed_Glacier-fed_Snow-fed",0.310695777971507,0.506121240380733,0.613876188515194,0.0363637405705663,0.0782149972259779,0.464920307617023,"2:1",0.0418512566554116,"fish"
"74","Iteration_8","Glacier-fed_Rain-fed_Rain-fed",0.297628926057102,0.618247347198339,0.481407526301314,0.0792977742375779,0.0965789061268035,0.82106722283087,"2:1",0.0172811318892256,"fish"
"75","Iteration_8","Glacier-fed_Rain-fed_Snow-fed",0.196159554377283,0.640255763661935,0.306376866106368,0.0643717690866493,0.0984681971829308,0.653731569463608,"Heterogenous",0.0340964280962814,"fish"
"76","Iteration_8","Glacier-fed_Snow-fed_Snow-fed",0.227502319149252,0.563661538316348,0.403615119507354,0.0412251747144229,0.12659016593373,0.325658588171882,"2:1",0.0853649912193075,"fish"
"77","Iteration_8","Rain-fed_Rain-fed_Rain-fed",0.634099207812543,0.638711849273695,0.992778212168136,0.132224780113081,0.134865860069134,0.980416986517571,"Homogenous",0.00264107995605323,"fish"
"78","Iteration_8","Rain-fed_Rain-fed_Snow-fed",0.298253527242021,0.681988995354138,0.437328944123426,0.0943014970278685,0.134476650960779,0.701248107787666,"2:1",0.0401751539329102,"fish"
"79","Iteration_8","Rain-fed_Snow-fed_Snow-fed",0.372987685202213,0.887603906837343,0.420218615904046,0.0863437513868252,0.136688500663535,0.631682628514334,"2:1",0.0503447492767101,"fish"
"80","Iteration_8","Snow-fed_Snow-fed_Snow-fed",0.995229260356714,1.05020416849781,0.947653123278182,0.167601668131312,0.176441926857404,0.949897063109967,"Homogenous",0.0088402587260924,"fish"
"81","Iteration_9","Glacier-fed_Glacier-fed_Glacier-fed",0.431385798034157,0.452512697383445,0.953312029758613,0.0596382787605581,0.062058677356829,0.960998224593896,"Homogenous",0.0024203985962709,"fish"
"82","Iteration_9","Glacier-fed_Glacier-fed_Rain-fed",0.225988574232906,0.431852739837953,0.52330008214769,0.0608131469371444,0.0795227655951051,0.76472625772069,"2:1",0.0187096186579607,"fish"
"83","Iteration_9","Glacier-fed_Glacier-fed_Snow-fed",0.281107132898381,0.454470620238598,0.618537525595822,0.0325761685212122,0.0756968624818998,0.430350313779538,"2:1",0.0431206939606876,"fish"
"84","Iteration_9","Glacier-fed_Rain-fed_Rain-fed",0.204546027692429,0.539225478464222,0.379333017191621,0.0869697016291416,0.104145388167826,0.83507972037123,"2:1",0.0171756865386848,"fish"
"85","Iteration_9","Glacier-fed_Rain-fed_Snow-fed",0.0658835303984924,0.397860441741736,0.16559457409254,0.0544880277913308,0.104792326957463,0.519961998872766,"Heterogenous",0.0503042991661321,"fish"
"86","Iteration_9","Glacier-fed_Snow-fed_Snow-fed",0.267738095811603,0.753177033478072,0.355478305777891,0.0391233848574257,0.0979520324626298,0.399413711730298,"2:1",0.0588286476052041,"fish"
"87","Iteration_9","Rain-fed_Rain-fed_Rain-fed",0.576651382123415,0.591298789569149,0.975228416319934,0.123999821259204,0.126506463054309,0.980185662182111,"Homogenous",0.00250664179510433,"fish"
"88","Iteration_9","Rain-fed_Rain-fed_Snow-fed",0.300839904487885,0.717011483601584,0.419574736762584,0.10149200635744,0.145186098801316,0.699047685662588,"2:1",0.0436940924438762,"fish"
"89","Iteration_9","Rain-fed_Snow-fed_Snow-fed",0.399805654898109,1.10323619962012,0.362393524646649,0.0978596847353562,0.144980645578695,0.674984473580913,"2:1",0.0471209608433386,"fish"
"90","Iteration_9","Snow-fed_Snow-fed_Snow-fed",1.22105037404333,1.23438809820901,0.989194869761763,0.166771159546329,0.175120931489438,0.952319966139441,"Homogenous",0.00834977194310893,"fish"
"91","Iteration_10","Glacier-fed_Glacier-fed_Glacier-fed",0.29779670128166,0.319750646183976,0.931340420529803,0.0605895635218228,0.0613884795197473,0.986985896960234,"Homogenous",0.000798915997924532,"fish"
"92","Iteration_10","Glacier-fed_Glacier-fed_Rain-fed",0.268066548953555,0.493032824314742,0.54370933482195,0.0474601870770239,0.0679543466895844,0.698412822564863,"2:1",0.0204941596125605,"fish"
"93","Iteration_10","Glacier-fed_Glacier-fed_Snow-fed",0.203730810464046,0.348364970357673,0.584820024398181,0.0377719192561139,0.0753161802277256,0.501511350441657,"2:1",0.0375442609716117,"fish"
"94","Iteration_10","Glacier-fed_Rain-fed_Rain-fed",0.292299633411309,0.678091519650447,0.431062216442389,0.0869134887214008,0.0858831481543512,1.01199700510743,"2:1",-0.00103034056704954,"fish"
"95","Iteration_10","Glacier-fed_Rain-fed_Snow-fed",0.284461922713801,0.862171475485457,0.329936597071518,0.0586611092310428,0.116623575989948,0.502995288329172,"Heterogenous",0.0579624667589048,"fish"
"96","Iteration_10","Glacier-fed_Snow-fed_Snow-fed",0.241037432072057,0.759733581200215,0.317265733721115,0.0416844920000196,0.0987775262157945,0.422003805895619,"2:1",0.0570930342157749,"fish"
"97","Iteration_10","Rain-fed_Rain-fed_Rain-fed",0.663084183965321,0.672096887322278,0.986590172448403,0.13133016954282,0.134247424044721,0.978269568130189,"Homogenous",0.00291725450190147,"fish"
"98","Iteration_10","Rain-fed_Rain-fed_Snow-fed",0.281662772564741,0.659646517510093,0.426990463965318,0.10864317655127,0.142243141535456,0.763784990815804,"2:1",0.0335999649841868,"fish"
"99","Iteration_10","Rain-fed_Snow-fed_Snow-fed",0.379372441360959,0.978006154071721,0.387903940871459,0.103333201426021,0.154649132918355,0.66817834329905,"2:1",0.0513159314923339,"fish"
"100","Iteration_10","Snow-fed_Snow-fed_Snow-fed",1.09360717794254,1.12835060223588,0.969208662427704,0.159449950892977,0.163648861853951,0.974341948282409,"Homogenous",0.00419891096097361,"fish"
"101","Iteration_11","Glacier-fed_Glacier-fed_Glacier-fed",0.421892445274512,0.439979995176286,0.958890062957233,0.0532071005374794,0.0536006647096842,0.992657475903771,"Homogenous",0.000393564172204763,"fish"
"102","Iteration_11","Glacier-fed_Glacier-fed_Rain-fed",0.244371095261577,0.397305559599154,0.615070917980926,0.0482572273354635,0.0662836850603535,0.728040803578191,"2:1",0.01802645772489,"fish"
"103","Iteration_11","Glacier-fed_Glacier-fed_Snow-fed",0.33519448560859,0.612721053689371,0.547058867310478,0.0444140749286524,0.076975165280018,0.576992264545119,"2:1",0.0325610903513656,"fish"
"104","Iteration_11","Glacier-fed_Rain-fed_Rain-fed",0.234533607138459,0.539958838521959,0.434354603362827,0.076103104817163,0.109968525816294,0.6920444213674,"2:1",0.0338654209991308,"fish"
"105","Iteration_11","Glacier-fed_Rain-fed_Snow-fed",0.0684058538099141,0.359808100058562,0.190117603797081,0.0391510939922931,0.109529855382508,0.35744677883091,"Heterogenous",0.0703787613902153,"fish"
"106","Iteration_11","Glacier-fed_Snow-fed_Snow-fed",0.307951682007801,0.671299887947621,0.458739361553162,0.0435624532133245,0.106523284690766,0.408947708848679,"2:1",0.0629608314774419,"fish"
"107","Iteration_11","Rain-fed_Rain-fed_Rain-fed",0.629554521084863,0.633678848841651,0.993491454284254,0.128818317901743,0.132062155662274,0.97543703762623,"Homogenous",0.00324383776053142,"fish"
"108","Iteration_11","Rain-fed_Rain-fed_Snow-fed",0.302302914640927,0.619349921333065,0.488097122851427,0.0944321700070442,0.136591944585929,0.69134508841872,"2:1",0.0421597745788852,"fish"
"109","Iteration_11","Rain-fed_Snow-fed_Snow-fed",0.317918960092046,0.886218363524758,0.358736597183099,0.10142965012879,0.1450694292578,0.699180045359803,"2:1",0.0436397791290108,"fish"
"110","Iteration_11","Snow-fed_Snow-fed_Snow-fed",1.32423865141443,1.33326734207044,0.993228146845636,0.151980549800467,0.15241267995285,0.997164736211473,"Homogenous",0.000432130152382637,"fish"
"111","Iteration_12","Glacier-fed_Glacier-fed_Glacier-fed",0.524898993127587,0.535520681677847,0.98016568003129,0.0515931969976202,0.0517837637455971,0.996319951772661,"Homogenous",0.000190566747976906,"fish"
"112","Iteration_12","Glacier-fed_Glacier-fed_Rain-fed",0.339009161694963,0.51600494077071,0.656988208656714,0.053972927657481,0.0650290555431493,0.829981724425752,"2:1",0.0110561278856682,"fish"
"113","Iteration_12","Glacier-fed_Glacier-fed_Snow-fed",0.487630248799273,0.704315214628188,0.692346606564074,0.0459071686426505,0.0796428193394312,0.576413153419367,"2:1",0.0337356506967807,"fish"
"114","Iteration_12","Glacier-fed_Rain-fed_Rain-fed",0.334086620475761,0.673908902778987,0.495744482819702,0.0787795266503682,0.0938687998607961,0.839251452742501,"2:1",0.0150892732104279,"fish"
"115","Iteration_12","Glacier-fed_Rain-fed_Snow-fed",0.23610525307879,0.611525972581708,0.386091946482687,0.0493724114541224,0.0938790565179681,0.525915079309225,"Heterogenous",0.0445066450638457,"fish"
"116","Iteration_12","Glacier-fed_Snow-fed_Snow-fed",0.199748387167331,0.513602559506388,0.388916261163701,0.0357325106449159,0.110913135765998,0.322166625243592,"2:1",0.075180625121082,"fish"
"117","Iteration_12","Rain-fed_Rain-fed_Rain-fed",0.54535821081024,0.551302248126989,0.989218187778223,0.135066218476608,0.140494023494163,0.961366292440328,"Homogenous",0.00542780501755522,"fish"
"118","Iteration_12","Rain-fed_Rain-fed_Snow-fed",0.291479447840207,0.713390964620637,0.40858303832767,0.111366831379291,0.154811408712352,0.719370957900247,"2:1",0.0434445773330607,"fish"
"119","Iteration_12","Rain-fed_Snow-fed_Snow-fed",0.354973311454222,0.919701570842877,0.385965755314412,0.0921435268703222,0.162742391557207,0.566192532803795,"2:1",0.0705988646868851,"fish"
"120","Iteration_12","Snow-fed_Snow-fed_Snow-fed",1.16431381073645,1.20599281080367,0.965440092433516,0.151781182130226,0.162612935396727,0.933389350360877,"Homogenous",0.0108317532665008,"fish"
"121","Iteration_13","Glacier-fed_Glacier-fed_Glacier-fed",0.58061510530585,0.592647675646772,0.979696924774418,0.0546774486596023,0.0553697579702188,0.987496616637031,"Homogenous",0.000692309310616458,"fish"
"122","Iteration_13","Glacier-fed_Glacier-fed_Rain-fed",0.236963576751949,0.405181736106525,0.584832818549476,0.0424735515164775,0.068919815973575,0.616274882869138,"2:1",0.0264462644570975,"fish"
"123","Iteration_13","Glacier-fed_Glacier-fed_Snow-fed",0.391472801828575,0.599659931051386,0.652824678717827,0.037825156622969,0.0778690166915889,0.485753618448539,"2:1",0.04004386006862,"fish"
"124","Iteration_13","Glacier-fed_Rain-fed_Rain-fed",0.195817239158755,0.494890720659153,0.395677734466194,0.0835389701782691,0.104593281540938,0.798703023248889,"2:1",0.0210543113626686,"fish"
"125","Iteration_13","Glacier-fed_Rain-fed_Snow-fed",0.167444948020485,0.594162888434697,0.281816571313656,0.0429018140126664,0.0869280950461782,0.49353220026133,"Heterogenous",0.0440262810335118,"fish"
"126","Iteration_13","Glacier-fed_Snow-fed_Snow-fed",0.345933508506883,0.97289802225499,0.355570163155513,0.0430922937635702,0.0911711711006149,0.47265262959071,"2:1",0.0480788773370447,"fish"
"127","Iteration_13","Rain-fed_Rain-fed_Rain-fed",0.472482085066261,0.479840128895202,0.984665634685699,0.140949235639364,0.143449154517852,0.982572787641095,"Homogenous",0.00249991887848802,"fish"
"128","Iteration_13","Rain-fed_Rain-fed_Snow-fed",0.299911702943797,0.699774373382733,0.428583432534137,0.0984720236228049,0.13864067748016,0.710267905585623,"2:1",0.0401686538573549,"fish"
"129","Iteration_13","Rain-fed_Snow-fed_Snow-fed",0.371703261630667,0.964381334789924,0.385431828905769,0.11200265649491,0.142577840887787,0.785554443786675,"2:1",0.0305751843928764,"fish"
"130","Iteration_13","Snow-fed_Snow-fed_Snow-fed",1.15606937487046,1.18024305878335,0.979518046106706,0.182117747806884,0.191437534197166,0.95131682807467,"Homogenous",0.00931978639028183,"fish"
"131","Iteration_14","Glacier-fed_Glacier-fed_Glacier-fed",0.40629437328147,0.42940938883936,0.946170213882916,0.0548579570395508,0.0566724772068912,0.967982338927656,"Homogenous",0.0018145201673404,"fish"
"132","Iteration_14","Glacier-fed_Glacier-fed_Rain-fed",0.322876567192187,0.488610179542196,0.660806059126125,0.0529571498943661,0.0704699484457128,0.751485577361563,"2:1",0.0175127985513468,"fish"
"133","Iteration_14","Glacier-fed_Glacier-fed_Snow-fed",0.327897030155738,0.522012136856185,0.628140625485254,0.0284697697358942,0.070806573158144,0.402078062333393,"2:1",0.0423368034222498,"fish"
"134","Iteration_14","Glacier-fed_Rain-fed_Rain-fed",0.281814470517882,0.552438846323318,0.510127903556132,0.0740290920443325,0.093962431701284,0.787858410047097,"2:1",0.0199333396569514,"fish"
"135","Iteration_14","Glacier-fed_Rain-fed_Snow-fed",0.12826092115293,0.466486706487846,0.274950860054726,0.0421203541363795,0.099146391412575,0.424829926094892,"Heterogenous",0.0570260372761955,"fish"
"136","Iteration_14","Glacier-fed_Snow-fed_Snow-fed",0.201455131183321,0.49791411393216,0.404598153670271,0.031863356891835,0.101227819007067,0.314768778033345,"2:1",0.0693644621152318,"fish"
"137","Iteration_14","Rain-fed_Rain-fed_Rain-fed",0.349693423329362,0.356083069757472,0.982055742126516,0.136548992728214,0.145124456454991,0.940909589353487,"Homogenous",0.00857546372677742,"fish"
"138","Iteration_14","Rain-fed_Rain-fed_Snow-fed",0.305959962854972,0.629980001287425,0.485666151671026,0.102891718648039,0.14120477887297,0.728670229642878,"2:1",0.0383130602249313,"fish"
"139","Iteration_14","Rain-fed_Snow-fed_Snow-fed",0.366167269056923,0.8975180139175,0.407977626497624,0.106262885009255,0.158757609770296,0.669340418786883,"2:1",0.0524947247610416,"fish"
"140","Iteration_14","Snow-fed_Snow-fed_Snow-fed",1.16771839109866,1.17805587086397,0.991224966471468,0.144461040311617,0.148794223799795,0.970878012751296,"Homogenous",0.0043331834881784,"fish"
"141","Iteration_15","Glacier-fed_Glacier-fed_Glacier-fed",0.489198797541221,0.508142871911158,0.962719000074354,0.0523392632095965,0.0531646427086234,0.98447502970065,"Homogenous",0.000825379499026911,"fish"
"142","Iteration_15","Glacier-fed_Glacier-fed_Rain-fed",0.220204395056501,0.369694302593874,0.595639136203852,0.05943922332294,0.0778276433823518,0.763728936657208,"2:1",0.0183884200594119,"fish"
"143","Iteration_15","Glacier-fed_Glacier-fed_Snow-fed",0.422377476302427,0.679974215752845,0.621166900916654,0.0368981874369006,0.066805710824959,0.552320856724051,"2:1",0.0299075233880584,"fish"
"144","Iteration_15","Glacier-fed_Rain-fed_Rain-fed",0.193510404202597,0.404000399254233,0.478985675657274,0.0646426223679497,0.0940927777369217,0.687009395648696,"2:1",0.029450155368972,"fish"
"145","Iteration_15","Glacier-fed_Rain-fed_Snow-fed",0.102938272383079,0.434856840719764,0.236717610818075,0.0444495594825321,0.100197026502963,0.443621542813124,"Heterogenous",0.0557474670204313,"fish"
"146","Iteration_15","Glacier-fed_Snow-fed_Snow-fed",0.347576797219369,0.690740000159379,0.503194830383604,0.039438752384778,0.116058586204582,0.339817618622871,"2:1",0.0766198338198035,"fish"
"147","Iteration_15","Rain-fed_Rain-fed_Rain-fed",0.564587912849533,0.579812491966293,0.97374223679602,0.132554055612936,0.135353290276354,0.979319049742326,"Homogenous",0.0027992346634178,"fish"
"148","Iteration_15","Rain-fed_Rain-fed_Snow-fed",0.266339783547927,0.604426004256223,0.440649114486184,0.0985123028859647,0.139242040075309,0.707489654939588,"2:1",0.0407297371893444,"fish"
"149","Iteration_15","Rain-fed_Snow-fed_Snow-fed",0.302181730070917,0.763217776233536,0.395931200085745,0.104549316483427,0.146407265086577,0.714099238324016,"2:1",0.04185794860315,"fish"
"150","Iteration_15","Snow-fed_Snow-fed_Snow-fed",1.12132788774666,1.16681008145783,0.96102005421967,0.164049149587106,0.172053379722314,0.953478216190078,"Homogenous",0.00800423013520787,"fish"
"151","Iteration_16","Glacier-fed_Glacier-fed_Glacier-fed",0.405075989941526,0.413941540452762,0.978582602505806,0.0581231977145089,0.0588549068130965,0.987567576975165,"Homogenous",0.000731709098587635,"fish"
"152","Iteration_16","Glacier-fed_Glacier-fed_Rain-fed",0.321731648870803,0.535391925316351,0.60092734622529,0.0565649551642334,0.0766274034073023,0.738181807669643,"2:1",0.0200624482430689,"fish"
"153","Iteration_16","Glacier-fed_Glacier-fed_Snow-fed",0.328364134758747,0.573228606826122,0.572832777095422,0.0343840886947043,0.0690032005501673,0.498297012610394,"2:1",0.034619111855463,"fish"
"154","Iteration_16","Glacier-fed_Rain-fed_Rain-fed",0.273837920474486,0.631355575239504,0.433730105845039,0.071908273832156,0.0938235827295019,0.766420037907433,"2:1",0.0219153088973459,"fish"
"155","Iteration_16","Glacier-fed_Rain-fed_Snow-fed",0.275852969411735,0.831345554350285,0.331815053281088,0.062484577087642,0.0945987780521944,0.660522031829696,"Heterogenous",0.0321142009645525,"fish"
"156","Iteration_16","Glacier-fed_Snow-fed_Snow-fed",0.257721010109276,0.645875280502415,0.399025969702385,0.0409066218313922,0.0881328946745123,0.46414703593325,"2:1",0.0472262728431201,"fish"
"157","Iteration_16","Rain-fed_Rain-fed_Rain-fed",0.597082068643712,0.605697609000102,0.985775838919668,0.129643081438466,0.132210844896601,0.980578269050901,"Homogenous",0.00256776345813489,"fish"
"158","Iteration_16","Rain-fed_Rain-fed_Snow-fed",0.29462305891449,0.699439485627791,0.42122737558925,0.11833855871587,0.163909913860946,0.721973161527393,"2:1",0.0455713551450762,"fish"
"159","Iteration_16","Rain-fed_Snow-fed_Snow-fed",0.278261500196556,0.878005581026677,0.316924523271454,0.123122591211011,0.171251241373208,0.718958824611903,"2:1",0.0481286501621971,"fish"
"160","Iteration_16","Snow-fed_Snow-fed_Snow-fed",1.55663816711154,1.57200533265004,0.990224482564197,0.159065255517289,0.168767123997673,0.942513279538268,"Homogenous",0.00970186848038473,"fish"
"161","Iteration_17","Glacier-fed_Glacier-fed_Glacier-fed",0.501164240312312,0.515840201897654,0.971549403223415,0.0650350332569668,0.0684961785098255,0.94946951307127,"Homogenous",0.00346114525285872,"fish"
"162","Iteration_17","Glacier-fed_Glacier-fed_Rain-fed",0.247637516157356,0.398859672603578,0.620863760281626,0.0452394861595718,0.0660004265761158,0.685442329791593,"2:1",0.020760940416544,"fish"
"163","Iteration_17","Glacier-fed_Glacier-fed_Snow-fed",0.332772917720735,0.553768737419054,0.600923987279757,0.035565840066257,0.0724346431128054,0.491005940498235,"2:1",0.0368688030465484,"fish"
"164","Iteration_17","Glacier-fed_Rain-fed_Rain-fed",0.266654624291271,0.476523459679438,0.559583413732983,0.0722065768456732,0.0954313588823201,0.756633644237569,"2:1",0.0232247820366469,"fish"
"165","Iteration_17","Glacier-fed_Rain-fed_Snow-fed",0.120156072830001,0.431062963763126,0.278743670718202,0.0520046742815599,0.101475770040963,0.512483662460183,"Heterogenous",0.0494710957594027,"fish"
"166","Iteration_17","Glacier-fed_Snow-fed_Snow-fed",0.212191511113459,0.507205807332679,0.418353867494821,0.0554285269368055,0.105120762716253,0.527284291937844,"2:1",0.0496922357794474,"fish"
"167","Iteration_17","Rain-fed_Rain-fed_Rain-fed",0.435767257594977,0.441143730637806,0.987812423322767,0.130343722224339,0.135650670139668,0.960877834883791,"Homogenous",0.00530694791532846,"fish"
"168","Iteration_17","Rain-fed_Rain-fed_Snow-fed",0.289023693022455,0.620310745888459,0.465933719411055,0.113311236701044,0.152156469399965,0.744702063263502,"2:1",0.0388452326989212,"fish"
"169","Iteration_17","Rain-fed_Snow-fed_Snow-fed",0.312769322334425,0.808502741396936,0.38685004554718,0.111277420941292,0.162111724870661,0.686424260984659,"2:1",0.050834303929369,"fish"
"170","Iteration_17","Snow-fed_Snow-fed_Snow-fed",1.46555461902172,1.48047076206426,0.989924729738169,0.168152338264803,0.175516932992741,0.958040545704825,"Homogenous",0.00736459472793816,"fish"
"171","Iteration_18","Glacier-fed_Glacier-fed_Glacier-fed",0.194910325957118,0.213157350296131,0.914396457294748,0.0603846212375089,0.064493981221458,0.936283046787909,"Homogenous",0.00410935998394913,"fish"
"172","Iteration_18","Glacier-fed_Glacier-fed_Rain-fed",0.188104317408179,0.304805361925844,0.617129292672819,0.0456103805921,0.067435588198127,0.676354752895398,"2:1",0.021825207606027,"fish"
"173","Iteration_18","Glacier-fed_Glacier-fed_Snow-fed",0.430403693690471,0.663757712753816,0.648434941576498,0.0331715068330712,0.067290931321698,0.492956572030308,"2:1",0.0341194244886269,"fish"
"174","Iteration_18","Glacier-fed_Rain-fed_Rain-fed",0.264552625142671,0.613420015435337,0.431274849998041,0.0738360313242498,0.0952391094598174,0.775270072799266,"2:1",0.0214030781355675,"fish"
"175","Iteration_18","Glacier-fed_Rain-fed_Snow-fed",0.143101147714611,0.572802023723188,0.249826540039889,0.0504619508815188,0.0915399039394608,0.551256323306734,"Heterogenous",0.041077953057942,"fish"
"176","Iteration_18","Glacier-fed_Snow-fed_Snow-fed",0.257040132142385,0.762122771686851,0.337268668109027,0.0298059802264073,0.0888587041497466,0.33543118270302,"2:1",0.0590527239233393,"fish"
"177","Iteration_18","Rain-fed_Rain-fed_Rain-fed",0.581783204880254,0.588644377470672,0.988344112586449,0.141244198397451,0.143788758138848,0.982303486208981,"Homogenous",0.00254455974139756,"fish"
"178","Iteration_18","Rain-fed_Rain-fed_Snow-fed",0.240006316269642,0.590673968951949,0.406326211895697,0.100353431787904,0.135672117898246,0.739676164436149,"2:1",0.0353186861103425,"fish"
"179","Iteration_18","Rain-fed_Snow-fed_Snow-fed",0.388897615795085,0.887234118855523,0.438325812240786,0.0951775892555421,0.149186709678951,0.637976328188775,"2:1",0.0540091204234091,"fish"
"180","Iteration_18","Snow-fed_Snow-fed_Snow-fed",1.22415631922986,1.23857779268779,0.988356424971392,0.16399563062028,0.167401753477924,0.979653003705881,"Homogenous",0.00340612285764441,"fish"
"181","Iteration_19","Glacier-fed_Glacier-fed_Glacier-fed",0.522826390696953,0.53483211760554,0.977552344907153,0.0536801908270247,0.0546132787019395,0.982914633636862,"Homogenous",0.0009330878749148,"fish"
"182","Iteration_19","Glacier-fed_Glacier-fed_Rain-fed",0.285031437346744,0.411656283742822,0.692401521859957,0.0484554639125293,0.0746340458029968,0.649240750534037,"2:1",0.0261785818904675,"fish"
"183","Iteration_19","Glacier-fed_Glacier-fed_Snow-fed",0.249228186580636,0.420844796265045,0.592209262874369,0.035739808011321,0.0702643806101174,0.508647592151048,"2:1",0.0345245725987964,"fish"
"184","Iteration_19","Glacier-fed_Rain-fed_Rain-fed",0.174332289755846,0.444137926806173,0.392518358000816,0.0745873711120256,0.0985316056246898,0.75698929941456,"2:1",0.0239442345126641,"fish"
"185","Iteration_19","Glacier-fed_Rain-fed_Snow-fed",0.194012543696014,0.652881791847831,0.297163355018535,0.0504415472030675,0.0930961412821749,0.541822104636743,"Heterogenous",0.0426545940791074,"fish"
"186","Iteration_19","Glacier-fed_Snow-fed_Snow-fed",0.307064913563391,0.780798214521787,0.393270511961222,0.0424485525220965,0.0907463630824243,0.467771391383926,"2:1",0.0482978105603278,"fish"
"187","Iteration_19","Rain-fed_Rain-fed_Rain-fed",0.518057888033529,0.529480149131846,0.978427404470129,0.131078504818433,0.136744956288315,0.958561897830184,"Homogenous",0.00566645146988218,"fish"
"188","Iteration_19","Rain-fed_Rain-fed_Snow-fed",0.35456019113889,0.762639773312557,0.464911749355588,0.10461534445683,0.129717696384389,0.806484753990902,"2:1",0.0251023519275585,"fish"
"189","Iteration_19","Rain-fed_Snow-fed_Snow-fed",0.36773108967264,0.933249154685392,0.394033134481226,0.10301954286403,0.163562554256955,0.629847970594707,"2:1",0.0605430113929253,"fish"
"190","Iteration_19","Snow-fed_Snow-fed_Snow-fed",1.44813588524664,1.45763876995942,0.993480631203958,0.182083283592011,0.192453790231384,0.946114302935242,"Homogenous",0.0103705066393728,"fish"
"191","Iteration_20","Glacier-fed_Glacier-fed_Glacier-fed",0.444999757529958,0.45776486165312,0.972114277017542,0.0589155423949917,0.060370869285339,0.975893557479373,"Homogenous",0.00145532689034728,"fish"
"192","Iteration_20","Glacier-fed_Glacier-fed_Rain-fed",0.357027902791707,0.549577443538672,0.649640750342376,0.0571602489765097,0.0684234605751313,0.835389623618141,"2:1",0.0112632115986217,"fish"
"193","Iteration_20","Glacier-fed_Glacier-fed_Snow-fed",0.365180326145391,0.555849391489908,0.656977108793005,0.0422685911631852,0.0774277206171048,0.545910312563787,"2:1",0.0351591294539196,"fish"
"194","Iteration_20","Glacier-fed_Rain-fed_Rain-fed",0.183258455180986,0.377817692779752,0.485044662235594,0.0672651943558306,0.0957916119357282,0.702203387087405,"2:1",0.0285264175798975,"fish"
"195","Iteration_20","Glacier-fed_Rain-fed_Snow-fed",0.170475445345697,0.603971680245577,0.282257349014082,0.056962208488101,0.0994317430436307,0.572877501132671,"Heterogenous",0.0424695345555297,"fish"
"196","Iteration_20","Glacier-fed_Snow-fed_Snow-fed",0.36216704750792,0.921446954718876,0.39304166740495,0.0366525808905295,0.148420054974032,0.246951673053499,"2:1",0.111767474083502,"fish"
"197","Iteration_20","Rain-fed_Rain-fed_Rain-fed",0.504869191677167,0.521077637127792,0.968894375241342,0.143852543021206,0.14591449649838,0.985868755150061,"Homogenous",0.00206195347717411,"fish"
"198","Iteration_20","Rain-fed_Rain-fed_Snow-fed",0.279941534461549,0.655065194445701,0.427349120110752,0.105120264477467,0.146659042884325,0.716766333736268,"2:1",0.0415387784068571,"fish"
"199","Iteration_20","Rain-fed_Snow-fed_Snow-fed",0.273100437833893,0.688733519573838,0.396525550263442,0.0937943991836252,0.154086855646422,0.608711228418159,"2:1",0.0602924564627971,"fish"
"200","Iteration_20","Snow-fed_Snow-fed_Snow-fed",1.13917596768526,1.15049989231259,0.990157387494785,0.171810903334136,0.176003243905824,0.976180322142632,"Homogenous",0.00419234057168849,"fish"
"201","Iteration_21","Glacier-fed_Glacier-fed_Glacier-fed",0.285871752678002,0.303018234984555,0.943414354890466,0.0540751557161497,0.0577268853156668,0.936741267443265,"Homogenous",0.00365172959951707,"fish"
"202","Iteration_21","Glacier-fed_Glacier-fed_Rain-fed",0.228790319152344,0.402834430064394,0.567951252617038,0.0592581239945738,0.0742910547731331,0.797648171445859,"2:1",0.0150329307785593,"fish"
"203","Iteration_21","Glacier-fed_Glacier-fed_Snow-fed",0.30378625332201,0.499987106542248,0.607588174468936,0.0376162894129502,0.072507176321199,0.518794019040462,"2:1",0.0348908869082488,"fish"
"204","Iteration_21","Glacier-fed_Rain-fed_Rain-fed",0.250506676158253,0.597826610194305,0.419028982461709,0.0829957713133242,0.0949183352299394,0.874391350335709,"2:1",0.0119225639166152,"fish"
"205","Iteration_21","Glacier-fed_Rain-fed_Snow-fed",0.199375995842349,0.694714371183445,0.286989882622857,0.0652422155168376,0.0992676085485639,0.657235693201168,"Heterogenous",0.0340253930317263,"fish"
"206","Iteration_21","Glacier-fed_Snow-fed_Snow-fed",0.347805572314476,1.0273532524561,0.338545258393813,0.0338936790882959,0.083216611119622,0.407294633033957,"2:1",0.049322932031326,"fish"
"207","Iteration_21","Rain-fed_Rain-fed_Rain-fed",0.461964142157329,0.470327238728539,0.982218557883617,0.142085306000696,0.145814698098916,0.974423757365733,"Homogenous",0.00372939209822032,"fish"
"208","Iteration_21","Rain-fed_Rain-fed_Snow-fed",0.318756782587966,0.667859947738287,0.477280878524665,0.0936385038732644,0.143500361996375,0.652531481945876,"2:1",0.0498618581231109,"fish"
"209","Iteration_21","Rain-fed_Snow-fed_Snow-fed",0.432489619252182,1.04303179320349,0.414646631167269,0.096600246360046,0.154865701336317,0.62376785515769,"2:1",0.0582654549762713,"fish"
"210","Iteration_21","Snow-fed_Snow-fed_Snow-fed",1.21011932682072,1.22499735221132,0.98785464689884,0.148774198141871,0.151811334039096,0.979994010879042,"Homogenous",0.00303713589722432,"fish"
"211","Iteration_22","Glacier-fed_Glacier-fed_Glacier-fed",0.623746162412564,0.63437545162493,0.983244482135714,0.0686363580520207,0.0706007800018258,0.972175633898743,"Homogenous",0.00196442194980512,"fish"
"212","Iteration_22","Glacier-fed_Glacier-fed_Rain-fed",0.286454172714489,0.482959048969677,0.593123109144756,0.0544278892961664,0.0648904764032716,0.838765444684304,"2:1",0.0104625871071051,"fish"
"213","Iteration_22","Glacier-fed_Glacier-fed_Snow-fed",0.238255514350619,0.428910946881987,0.555489469510263,0.03040966493797,0.0639336730027145,0.475643952705156,"2:1",0.0335240080647444,"fish"
"214","Iteration_22","Glacier-fed_Rain-fed_Rain-fed",0.167600364804895,0.429859632503277,0.389895566208157,0.0645703336824584,0.0905244331769127,0.713291775671967,"2:1",0.0259540994944543,"fish"
"215","Iteration_22","Glacier-fed_Rain-fed_Snow-fed",0.156414556171083,0.632681574013767,0.247224769292364,0.050280193482523,0.0785101270981673,0.640429398613173,"Heterogenous",0.0282299336156442,"fish"
"216","Iteration_22","Glacier-fed_Snow-fed_Snow-fed",0.332247830892814,0.805384669364148,0.412533095713286,0.0411916980599952,0.0964621705615318,0.427024374635232,"2:1",0.0552704725015366,"fish"
"217","Iteration_22","Rain-fed_Rain-fed_Rain-fed",0.544349688160811,0.549112172031777,0.991326938076524,0.144387257828773,0.147501516076539,0.978886601774651,"Homogenous",0.00311425824776676,"fish"
"218","Iteration_22","Rain-fed_Rain-fed_Snow-fed",0.266457479685927,0.702878906636836,0.379094431729192,0.0969202845051137,0.12471953973597,0.777105854546069,"2:1",0.0277992552308567,"fish"
"219","Iteration_22","Rain-fed_Snow-fed_Snow-fed",0.370547840689963,0.826987844867319,0.448069270896495,0.100878666597894,0.146878344926276,0.686817833142993,"2:1",0.0459996783283822,"fish"
"220","Iteration_22","Snow-fed_Snow-fed_Snow-fed",1.15737767613414,1.17006820149556,0.989154029358973,0.155168487224113,0.165519688773512,0.937462415341038,"Homogenous",0.0103512015493985,"fish"
"221","Iteration_23","Glacier-fed_Glacier-fed_Glacier-fed",0.415309441148449,0.444590482237668,0.934139298390184,0.0585040179264968,0.0614315522338749,0.952344777220789,"Homogenous",0.00292753430737807,"fish"
"222","Iteration_23","Glacier-fed_Glacier-fed_Rain-fed",0.33550974408609,0.502084627583354,0.668233452398203,0.0521512193995641,0.0629025621886883,0.829079414016976,"2:1",0.0107513427891242,"fish"
"223","Iteration_23","Glacier-fed_Glacier-fed_Snow-fed",0.166602877511461,0.36711844441316,0.453812332359865,0.0352976022248109,0.0772214819980759,0.457095633384638,"2:1",0.041923879773265,"fish"
"224","Iteration_23","Glacier-fed_Rain-fed_Rain-fed",0.166856220082431,0.354321186135459,0.470917988004931,0.0703472016213934,0.0883942337468789,0.795834735361087,"2:1",0.0180470321254855,"fish"
"225","Iteration_23","Glacier-fed_Rain-fed_Snow-fed",0.0914251528996473,0.479435326059312,0.190693401028895,0.052291313037601,0.110088171002292,0.474994838787105,"Heterogenous",0.0577968579646911,"fish"
"226","Iteration_23","Glacier-fed_Snow-fed_Snow-fed",0.284834162983807,0.761266692858189,0.374158183532754,0.0359555367962873,0.0878800259595594,0.409143447600178,"2:1",0.0519244891632722,"fish"
"227","Iteration_23","Rain-fed_Rain-fed_Rain-fed",0.533261940595946,0.539770037209227,0.987942834606142,0.135087562492041,0.137469473737749,0.982673162405119,"Homogenous",0.00238191124570777,"fish"
"228","Iteration_23","Rain-fed_Rain-fed_Snow-fed",0.343773274593718,0.582136478663198,0.590537248899346,0.0944550557488148,0.139518403875737,0.677007857923473,"2:1",0.0450633481269224,"fish"
"229","Iteration_23","Rain-fed_Snow-fed_Snow-fed",0.34751093743825,0.92137143062039,0.377167042399241,0.103367245506043,0.153711831326106,0.672474230605875,"2:1",0.0503445858200628,"fish"
"230","Iteration_23","Snow-fed_Snow-fed_Snow-fed",1.53216405390442,1.5533415978048,0.986366460583869,0.16100858472227,0.171728368112123,0.937577096273033,"Homogenous",0.0107197833898522,"fish"
"231","Iteration_24","Glacier-fed_Glacier-fed_Glacier-fed",0.43012027161432,0.456160994322443,0.94291330685386,0.0578319054287849,0.0588290718395258,0.983049768089816,"Homogenous",0.000997166410740845,"fish"
"232","Iteration_24","Glacier-fed_Glacier-fed_Rain-fed",0.209871393070521,0.323546694553738,0.648658745718273,0.0560556857511057,0.0809873398750828,0.69215368522497,"2:1",0.0249316541239771,"fish"
"233","Iteration_24","Glacier-fed_Glacier-fed_Snow-fed",0.4103015683232,0.648138955659757,0.633045683707661,0.048345326333975,0.0870180430086731,0.555578184275604,"2:1",0.0386727166746981,"fish"
"234","Iteration_24","Glacier-fed_Rain-fed_Rain-fed",0.173219845595113,0.409730710378411,0.422765102071879,0.0674932985528883,0.0957312951253593,0.705028574663138,"2:1",0.028237996572471,"fish"
"235","Iteration_24","Glacier-fed_Rain-fed_Snow-fed",0.088220717656591,0.381002795751837,0.231548740954785,0.0460202533816704,0.101073877271066,0.455313030668158,"Heterogenous",0.0550536238893953,"fish"
"236","Iteration_24","Glacier-fed_Snow-fed_Snow-fed",0.126858669040113,0.436996498785076,0.29029676300108,0.0323612310500052,0.0832932193084653,0.388521794675263,"2:1",0.0509319882584601,"fish"
"237","Iteration_24","Rain-fed_Rain-fed_Rain-fed",0.481985729441763,0.494663420046702,0.974371077198831,0.135580929200706,0.138589826131453,0.978289193263774,"Homogenous",0.00300889693074716,"fish"
"238","Iteration_24","Rain-fed_Rain-fed_Snow-fed",0.27295883940005,0.633413904682692,0.430932818781091,0.106328869791422,0.149229376180839,0.712519696273279,"2:1",0.0429005063894167,"fish"
"239","Iteration_24","Rain-fed_Snow-fed_Snow-fed",0.310906393007883,0.783783545273577,0.39667379454791,0.0876116951244565,0.150294874509758,0.582932022201251,"2:1",0.0626831793853015,"fish"
"240","Iteration_24","Snow-fed_Snow-fed_Snow-fed",1.35454195798649,1.37822762175447,0.982814403517886,0.155393582121119,0.170049500559543,0.913813810742169,"Homogenous",0.0146559184384244,"fish"
"241","Iteration_25","Glacier-fed_Glacier-fed_Glacier-fed",0.309902603053264,0.335314266598377,0.92421538217594,0.059115313509735,0.0597929190799719,0.988667461287003,"Homogenous",0.000677605570236862,"fish"
"242","Iteration_25","Glacier-fed_Glacier-fed_Rain-fed",0.36056706562991,0.506802740695481,0.711454450966676,0.046620054454478,0.0642556865085303,0.725539745782483,"2:1",0.0176356320540523,"fish"
"243","Iteration_25","Glacier-fed_Glacier-fed_Snow-fed",0.357108673428819,0.521367105879499,0.684946689965047,0.0404850123747791,0.074232759203276,0.545379328604997,"2:1",0.0337477468284969,"fish"
"244","Iteration_25","Glacier-fed_Rain-fed_Rain-fed",0.286578383119007,0.665937063000356,0.430338539542819,0.0894066796451529,0.101387654131431,0.881830045394414,"2:1",0.0119809744862781,"fish"
"245","Iteration_25","Glacier-fed_Rain-fed_Snow-fed",0.148663704626093,0.659800401693582,0.225316177808474,0.0666689800321016,0.105075342301538,0.634487393253306,"Heterogenous",0.0384063622694362,"fish"
"246","Iteration_25","Glacier-fed_Snow-fed_Snow-fed",0.242038164108494,0.740220871161335,0.326981004640898,0.0443821405912376,0.103046319391346,0.430700881442301,"2:1",0.0586641788001084,"fish"
"247","Iteration_25","Rain-fed_Rain-fed_Rain-fed",0.58182184450772,0.587572189721695,0.990213380900995,0.135897559545821,0.139728500685542,0.972582965386981,"Homogenous",0.0038309411397208,"fish"
"248","Iteration_25","Rain-fed_Rain-fed_Snow-fed",0.29317295191865,0.659794498536293,0.444339794540623,0.0863000968931851,0.134322590938388,0.642483861354119,"2:1",0.0480224940452027,"fish"
"249","Iteration_25","Rain-fed_Snow-fed_Snow-fed",0.355830025926849,0.916659634979687,0.388181187813222,0.0948479950141711,0.144590371044681,0.655977257191363,"2:1",0.0497423760305096,"fish"
"250","Iteration_25","Snow-fed_Snow-fed_Snow-fed",1.25600668151203,1.29098013789873,0.972909376868015,0.178130165568101,0.179747021254745,0.991004826253267,"Homogenous",0.00161685568664413,"fish"
"251","Iteration_26","Glacier-fed_Glacier-fed_Glacier-fed",0.410881788554847,0.425058668468619,0.966647239627302,0.0572715374572364,0.059653940829664,0.960062933994079,"Homogenous",0.00238240337242757,"fish"
"252","Iteration_26","Glacier-fed_Glacier-fed_Rain-fed",0.352525242070148,0.557584579679683,0.632236354657914,0.0650886076272935,0.081294783926683,0.800649248123898,"2:1",0.0162061762993895,"fish"
"253","Iteration_26","Glacier-fed_Glacier-fed_Snow-fed",0.238843987420398,0.445760198182396,0.535812727099219,0.029970287501148,0.0621708659960942,0.482063214352376,"2:1",0.0322005784949462,"fish"
"254","Iteration_26","Glacier-fed_Rain-fed_Rain-fed",0.233822794089953,0.463364327283331,0.504619756684416,0.065903534307012,0.0991069992297682,0.664973562101525,"2:1",0.0332034649227562,"fish"
"255","Iteration_26","Glacier-fed_Rain-fed_Snow-fed",0.140641791188193,0.552396566179185,0.254602942521861,0.0407192289379563,0.101094937463411,0.402782077516923,"Heterogenous",0.0603757085254551,"fish"
"256","Iteration_26","Glacier-fed_Snow-fed_Snow-fed",0.235392062895133,0.711702820178388,0.330744878650518,0.0414745488663935,0.0987413739967294,0.420032122175728,"2:1",0.0572668251303359,"fish"
"257","Iteration_26","Rain-fed_Rain-fed_Rain-fed",0.488436625799612,0.492276564542437,0.992199631224788,0.141615211529828,0.146412028302697,0.967237549889335,"Homogenous",0.00479681677286839,"fish"
"258","Iteration_26","Rain-fed_Rain-fed_Snow-fed",0.281385203052171,0.63095499675042,0.445967152176267,0.113809961644599,0.143818839310437,0.791342512498916,"2:1",0.030008877665838,"fish"
"259","Iteration_26","Rain-fed_Snow-fed_Snow-fed",0.340493125673045,0.82326592936942,0.413588262949063,0.111103680167658,0.1592639717714,0.697607116863389,"2:1",0.0481602916037414,"fish"
"260","Iteration_26","Snow-fed_Snow-fed_Snow-fed",1.08619578113232,1.13461939268559,0.957321713461422,0.163069639147581,0.17034965238705,0.957264290607834,"Homogenous",0.0072800132394695,"fish"
"261","Iteration_27","Glacier-fed_Glacier-fed_Glacier-fed",0.543222506951771,0.556220245759313,0.97663202857746,0.0496800828492498,0.0525593822464232,0.945218165166518,"Homogenous",0.0028792993971734,"fish"
"262","Iteration_27","Glacier-fed_Glacier-fed_Rain-fed",0.219258436708765,0.359219970040599,0.610373740312891,0.0564088463116047,0.0827314024403275,0.681831138451827,"2:1",0.0263225561287228,"fish"
"263","Iteration_27","Glacier-fed_Glacier-fed_Snow-fed",0.345165830724428,0.556196038750684,0.620583043884549,0.031267345636399,0.065184524647253,0.479674367583451,"2:1",0.0339171790108541,"fish"
"264","Iteration_27","Glacier-fed_Rain-fed_Rain-fed",0.301920888586698,0.562073985869245,0.537155065306534,0.0856018335092983,0.119373999093471,0.717089434544879,"2:1",0.0337721655841731,"fish"
"265","Iteration_27","Glacier-fed_Rain-fed_Snow-fed",0.0826019653796795,0.4669253776727,0.176906138174355,0.0578663062640284,0.116285287008808,0.497623626793349,"Heterogenous",0.0584189807447793,"fish"
"266","Iteration_27","Glacier-fed_Snow-fed_Snow-fed",0.283722522394279,0.806601543176766,0.351750532582482,0.0437781036902404,0.100952211524269,0.433651754916893,"2:1",0.0571741078340281,"fish"
"267","Iteration_27","Rain-fed_Rain-fed_Rain-fed",0.464883123950343,0.471888407359153,0.985154788082179,0.154849854496114,0.156162318596152,0.991595513489828,"Homogenous",0.00131246410003855,"fish"
"268","Iteration_27","Rain-fed_Rain-fed_Snow-fed",0.292507352128381,0.60827819531206,0.480877589206233,0.114911565221907,0.145413876705552,0.790237959576517,"2:1",0.0305023114836455,"fish"
"269","Iteration_27","Rain-fed_Snow-fed_Snow-fed",0.290706254937264,0.736758738179611,0.394574559991705,0.109019912274107,0.162011313051747,0.67291542930268,"2:1",0.0529914007776397,"fish"
"270","Iteration_27","Snow-fed_Snow-fed_Snow-fed",1.27068162730381,1.29330113923094,0.982510251293383,0.182059600689763,0.187978190320564,0.968514487660999,"Homogenous",0.00591858963080125,"fish"
"271","Iteration_28","Glacier-fed_Glacier-fed_Glacier-fed",0.457614725019286,0.47305947943218,0.967351347802114,0.0627746338884082,0.0645721419481561,0.972162793342195,"Homogenous",0.00179750805974793,"fish"
"272","Iteration_28","Glacier-fed_Glacier-fed_Rain-fed",0.268748676755191,0.459336593914363,0.58508004873937,0.0707462944865755,0.0910721243518513,0.776816122277457,"2:1",0.0203258298652758,"fish"
"273","Iteration_28","Glacier-fed_Glacier-fed_Snow-fed",0.282994119930222,0.470997666664464,0.600839749237707,0.0316691823629759,0.0659749067212254,0.480018600053394,"2:1",0.0343057243582495,"fish"
"274","Iteration_28","Glacier-fed_Rain-fed_Rain-fed",0.221258858723358,0.445829756940856,0.496285533387379,0.0623033059214111,0.0932948893365749,0.667810491704887,"2:1",0.0309915834151638,"fish"
"275","Iteration_28","Glacier-fed_Rain-fed_Snow-fed",0.146189149419379,0.552325329706674,0.264679422718158,0.0519722382881302,0.102258598557584,0.508243209091737,"Heterogenous",0.0502863602694539,"fish"
"276","Iteration_28","Glacier-fed_Snow-fed_Snow-fed",0.261376432986928,0.574240995737145,0.455168535383656,0.0422314755235604,0.110779520673752,0.381220962743943,"2:1",0.068548045150192,"fish"
"277","Iteration_28","Rain-fed_Rain-fed_Rain-fed",0.550655740715962,0.560719774096162,0.982051581119246,0.128919535881608,0.131739927118346,0.978591219090286,"Homogenous",0.00282039123673836,"fish"
"278","Iteration_28","Rain-fed_Rain-fed_Snow-fed",0.234371396339605,0.615706626795383,0.38065433461299,0.110624085395442,0.140379495391529,0.788035924241667,"2:1",0.0297554099960866,"fish"
"279","Iteration_28","Rain-fed_Snow-fed_Snow-fed",0.380150546633183,1.00848960014333,0.37695038856043,0.114478179986437,0.159509836066785,0.71768727753257,"2:1",0.0450316560803474,"fish"
"280","Iteration_28","Snow-fed_Snow-fed_Snow-fed",1.1893634163332,1.20669447608147,0.985637574305844,0.147511213160123,0.155583260865343,0.948117505313078,"Homogenous",0.00807204770522013,"fish"
"281","Iteration_29","Glacier-fed_Glacier-fed_Glacier-fed",0.188694451489215,0.203524468258679,0.92713398592146,0.0605914987294757,0.0618357221930092,0.979878565020234,"Homogenous",0.00124422346353354,"fish"
"282","Iteration_29","Glacier-fed_Glacier-fed_Rain-fed",0.197757032135482,0.382680530668548,0.516767946856345,0.0595412492791048,0.071832325829441,0.82889212609487,"2:1",0.0122910765503362,"fish"
"283","Iteration_29","Glacier-fed_Glacier-fed_Snow-fed",0.33821453715896,0.548973536153887,0.616085320848967,0.0482808305269932,0.079252244305174,0.609204584050387,"2:1",0.0309714137781808,"fish"
"284","Iteration_29","Glacier-fed_Rain-fed_Rain-fed",0.234119501277452,0.409790849274809,0.571314614984118,0.06113862318295,0.0895373999079351,0.682827770806552,"2:1",0.028398776724985,"fish"
"285","Iteration_29","Glacier-fed_Rain-fed_Snow-fed",0.107362844738785,0.540773147128645,0.198535828394682,0.051863938347876,0.113020663264364,0.458888992949565,"Heterogenous",0.0611567249164881,"fish"
"286","Iteration_29","Glacier-fed_Snow-fed_Snow-fed",0.272253259175008,0.759659856620388,0.358388371851347,0.0440683326494201,0.0888883101344832,0.495771970270862,"2:1",0.0448199774850631,"fish"
"287","Iteration_29","Rain-fed_Rain-fed_Rain-fed",0.471461303957626,0.482065408494936,0.978002768191942,0.13956450486768,0.142988881986338,0.976051444901952,"Homogenous",0.00342437711865809,"fish"
"288","Iteration_29","Rain-fed_Rain-fed_Snow-fed",0.299832952925263,0.646771808864971,0.463583830982746,0.10810012921271,0.158297441019755,0.68289246191427,"2:1",0.0501973118070455,"fish"
"289","Iteration_29","Rain-fed_Snow-fed_Snow-fed",0.326806345098797,0.853187175720323,0.383041792468203,0.0986453700981522,0.153350137510449,0.643268872787484,"2:1",0.0547047674122967,"fish"
"290","Iteration_29","Snow-fed_Snow-fed_Snow-fed",1.40677396320466,1.42688842724845,0.985903267796082,0.158434253926135,0.160728853511291,0.985723785524331,"Homogenous",0.00229459958515557,"fish"
"291","Iteration_30","Glacier-fed_Glacier-fed_Glacier-fed",0.600268385414586,0.617729546105608,0.971733324395597,0.0746793296960808,0.0783925667870192,0.952632791052413,"Homogenous",0.00371323709093839,"fish"
"292","Iteration_30","Glacier-fed_Glacier-fed_Rain-fed",0.250652743014822,0.436561576299692,0.574152093593214,0.052589702345362,0.0704498654027384,0.746484071257257,"2:1",0.0178601630573764,"fish"
"293","Iteration_30","Glacier-fed_Glacier-fed_Snow-fed",0.414572349875131,0.607257395365999,0.682696255391447,0.0328850291217291,0.0746344939368067,0.440614351181546,"2:1",0.0417494648150776,"fish"
"294","Iteration_30","Glacier-fed_Rain-fed_Rain-fed",0.23533107187175,0.519829253416489,0.452708404394475,0.0755326932479599,0.0985782677007842,0.766220537342218,"2:1",0.0230455744528243,"fish"
"295","Iteration_30","Glacier-fed_Rain-fed_Snow-fed",0.163771884823639,0.578135918946273,0.283275747893566,0.0612055780006526,0.0981989050790045,0.623281674591081,"Heterogenous",0.0369933270783519,"fish"
"296","Iteration_30","Glacier-fed_Snow-fed_Snow-fed",0.327034259675576,0.882524877017283,0.370566618791384,0.0363346230525268,0.0939538430926641,0.386728438736571,"2:1",0.0576192200401374,"fish"
"297","Iteration_30","Rain-fed_Rain-fed_Rain-fed",0.586870182524635,0.594066262794221,0.987886738028618,0.126849724125514,0.132469743664883,0.957575070473554,"Homogenous",0.00562001953936908,"fish"
"298","Iteration_30","Rain-fed_Rain-fed_Snow-fed",0.292513924831625,0.661662851368691,0.442089085440632,0.0973365689020961,0.139529358161238,0.697606368902061,"2:1",0.0421927892591415,"fish"
"299","Iteration_30","Rain-fed_Snow-fed_Snow-fed",0.342533767446276,0.908057051656615,0.377216130662026,0.107515373088417,0.165603432831184,0.649233963634184,"2:1",0.0580880597427671,"fish"
"300","Iteration_30","Snow-fed_Snow-fed_Snow-fed",1.29966357123095,1.34124673971093,0.968996630337429,0.170765618018007,0.181449451661175,0.941119504383413,"Homogenous",0.010683833643168,"fish"
"301","Iteration_31","Glacier-fed_Glacier-fed_Glacier-fed",0.536856918388622,0.543017812915891,0.988654341753198,0.054498764363563,0.0545522628186885,0.999019317396544,"Homogenous",5.34984551254572e-05,"fish"
"302","Iteration_31","Glacier-fed_Glacier-fed_Rain-fed",0.333929698384501,0.551053600099834,0.605984060940721,0.0645242130518107,0.0774236935337416,0.83339104745359,"2:1",0.0128994804819309,"fish"
"303","Iteration_31","Glacier-fed_Glacier-fed_Snow-fed",0.392668024166621,0.599918794894182,0.654535292957246,0.0409314211796499,0.0771162253401358,0.530775734926263,"2:1",0.0361848041604859,"fish"
"304","Iteration_31","Glacier-fed_Rain-fed_Rain-fed",0.189111577458117,0.372041490658625,0.508307761920136,0.0714463870004435,0.103364203436609,0.691210154241261,"2:1",0.0319178164361654,"fish"
"305","Iteration_31","Glacier-fed_Rain-fed_Snow-fed",0.172606413460206,0.687166483969519,0.251185727893945,0.0558050091955882,0.0847600293386623,0.658388271346826,"Heterogenous",0.0289550201430741,"fish"
"306","Iteration_31","Glacier-fed_Snow-fed_Snow-fed",0.177608827636832,0.535647286856481,0.331577946897022,0.0330796443465308,0.0882185688112886,0.374973713496675,"2:1",0.0551389244647577,"fish"
"307","Iteration_31","Rain-fed_Rain-fed_Rain-fed",0.587068958652004,0.600087099950989,0.978306247043058,0.120999546786307,0.122882160564814,0.984679519225137,"Homogenous",0.00188261377850682,"fish"
"308","Iteration_31","Rain-fed_Rain-fed_Snow-fed",0.321690797237656,0.63917794174609,0.503288327439569,0.102251038473534,0.14728317485693,0.694247924604147,"2:1",0.0450321363833968,"fish"
"309","Iteration_31","Rain-fed_Snow-fed_Snow-fed",0.326002775622818,0.84223361616782,0.387069299259435,0.0869487296534432,0.145736983732453,0.596614033216616,"2:1",0.05878825407901,"fish"
"310","Iteration_31","Snow-fed_Snow-fed_Snow-fed",1.27191766951571,1.28515869828773,0.989696969884212,0.143883570124559,0.150633278616344,0.955191120091223,"Homogenous",0.00674970849178511,"fish"
"311","Iteration_32","Glacier-fed_Glacier-fed_Glacier-fed",0.508767678309575,0.516055883433583,0.985877100992405,0.0587329818162276,0.0602258193039355,0.975212666179365,"Homogenous",0.00149283748770788,"fish"
"312","Iteration_32","Glacier-fed_Glacier-fed_Rain-fed",0.177708775863482,0.328088584508071,0.541648762726491,0.0581059276072274,0.0829928476823895,0.700131749058625,"2:1",0.0248869200751621,"fish"
"313","Iteration_32","Glacier-fed_Glacier-fed_Snow-fed",0.387068048433555,0.580324240125453,0.666985835969699,0.0410097196524969,0.0729273257542859,0.562336808985304,"2:1",0.031917606101789,"fish"
"314","Iteration_32","Glacier-fed_Rain-fed_Rain-fed",0.198237128523539,0.308491801440925,0.642600962481335,0.0564690221376212,0.0962846536913318,0.586479983805612,"2:1",0.0398156315537105,"fish"
"315","Iteration_32","Glacier-fed_Rain-fed_Snow-fed",0.169265943253403,0.575334301131429,0.294204504964386,0.0611858955706893,0.11183278271357,0.547119494713824,"Heterogenous",0.0506468871428806,"fish"
"316","Iteration_32","Glacier-fed_Snow-fed_Snow-fed",0.248311023773714,0.62919394086389,0.394649419911418,0.0365174063743069,0.0993567204293063,0.367538362946364,"2:1",0.0628393140549995,"fish"
"317","Iteration_32","Rain-fed_Rain-fed_Rain-fed",0.416250851018571,0.419546634538054,0.992144416739006,0.136238114844741,0.138306790972062,0.985042844875645,"Homogenous",0.00206867612732087,"fish"
"318","Iteration_32","Rain-fed_Rain-fed_Snow-fed",0.334246393435707,0.682416287453615,0.489798381986048,0.0995760462493365,0.14686283684248,0.678020719129499,"2:1",0.0472867905931434,"fish"
"319","Iteration_32","Rain-fed_Snow-fed_Snow-fed",0.341307319810598,0.854569755753026,0.399390825047215,0.0917627458780759,0.142653946045124,0.643254171525334,"2:1",0.050891200167048,"fish"
"320","Iteration_32","Snow-fed_Snow-fed_Snow-fed",1.39748499122173,1.42534395293528,0.980454569119135,0.174310191908166,0.184459607989995,0.94497756884326,"Homogenous",0.0101494160818287,"fish"
"321","Iteration_33","Glacier-fed_Glacier-fed_Glacier-fed",0.474796643407814,0.493205680644298,0.962674725861964,0.0632825775726416,0.068967879692838,0.917565943080792,"Homogenous",0.00568530212019647,"fish"
"322","Iteration_33","Glacier-fed_Glacier-fed_Rain-fed",0.2985950278019,0.545418153973338,0.54746074296694,0.0671080381358583,0.0720314458558502,0.931649189302063,"2:1",0.0049234077199919,"fish"
"323","Iteration_33","Glacier-fed_Glacier-fed_Snow-fed",0.416200984951472,0.612019539196695,0.680045257211487,0.039400369344933,0.072942032617825,0.540160013792989,"2:1",0.033541663272892,"fish"
"324","Iteration_33","Glacier-fed_Rain-fed_Rain-fed",0.163871629194122,0.327503342024612,0.50036628078686,0.0643725507017369,0.0967843282622693,0.665113369669705,"2:1",0.0324117775605325,"fish"
"325","Iteration_33","Glacier-fed_Rain-fed_Snow-fed",0.0748283768333048,0.393179754277767,0.190315945872537,0.0402176553413647,0.0891889424373051,0.450926474093305,"Heterogenous",0.0489712870959404,"fish"
"326","Iteration_33","Glacier-fed_Snow-fed_Snow-fed",0.26316819492247,0.725865909489129,0.362557590158339,0.0339122576057194,0.102704252002641,0.330193316678333,"2:1",0.0687919943969216,"fish"
"327","Iteration_33","Rain-fed_Rain-fed_Rain-fed",0.671914116732211,0.681231925586348,0.986322119524688,0.126792475027033,0.130687425748762,0.970196438567724,"Homogenous",0.0038949507217293,"fish"
"328","Iteration_33","Rain-fed_Rain-fed_Snow-fed",0.3076150438375,0.623249786632154,0.493566224065242,0.106554216200893,0.136920944085817,0.77821707199235,"2:1",0.0303667278849242,"fish"
"329","Iteration_33","Rain-fed_Snow-fed_Snow-fed",0.280485149969252,0.781758677174755,0.35878738306163,0.0960289641787998,0.154254797849238,0.622534699197196,"2:1",0.0582258336704385,"fish"
"330","Iteration_33","Snow-fed_Snow-fed_Snow-fed",1.19575795616062,1.22495521725342,0.976164629790901,0.18573316320504,0.250278490146316,0.742105976012793,"Homogenous",0.0645453269412761,"fish"
"331","Iteration_34","Glacier-fed_Glacier-fed_Glacier-fed",0.503488050125097,0.515923302958891,0.975897090202215,0.0495127891486475,0.0529141082238841,0.935719996246648,"Homogenous",0.00340131907523654,"fish"
"332","Iteration_34","Glacier-fed_Glacier-fed_Rain-fed",0.239101689773358,0.406753995294101,0.587828743023107,0.060084989268652,0.0757460061338105,0.793243001650909,"2:1",0.0156610168651585,"fish"
"333","Iteration_34","Glacier-fed_Glacier-fed_Snow-fed",0.309659402770108,0.490618281282354,0.631161566097242,0.0349043590587062,0.0707348058473949,0.493453804538741,"2:1",0.0358304467886887,"fish"
"334","Iteration_34","Glacier-fed_Rain-fed_Rain-fed",0.217815345005391,0.444980163777813,0.489494505004835,0.0680211378217651,0.0954016876763777,0.712997217119543,"2:1",0.0273805498546126,"fish"
"335","Iteration_34","Glacier-fed_Rain-fed_Snow-fed",0.138187175008185,0.614330357342462,0.224939518870547,0.063575083041862,0.105703258782742,0.6014486570611,"Heterogenous",0.0421281757408798,"fish"
"336","Iteration_34","Glacier-fed_Snow-fed_Snow-fed",0.408121123736537,0.977786588436766,0.417392842735775,0.0369618660873639,0.0899088845571292,0.411103599710192,"2:1",0.0529470184697653,"fish"
"337","Iteration_34","Rain-fed_Rain-fed_Rain-fed",0.547543988109375,0.552031812087639,0.991870352613752,0.13983088950894,0.140388024788156,0.996031461514923,"Homogenous",0.000557135279215665,"fish"
"338","Iteration_34","Rain-fed_Rain-fed_Snow-fed",0.376625183437846,0.749946093282679,0.502203007404538,0.107750805298628,0.135547081959787,0.794932681255324,"2:1",0.0277962766611583,"fish"
"339","Iteration_34","Rain-fed_Snow-fed_Snow-fed",0.310109002465916,0.806084664420826,0.384710212405207,0.118402859080078,0.178439955905376,0.663544543481422,"2:1",0.0600370968252983,"fish"
"340","Iteration_34","Snow-fed_Snow-fed_Snow-fed",1.2684659778207,1.29392794822656,0.980321956534938,0.190810834359351,0.235487177544257,0.810281206599838,"Homogenous",0.0446763431849062,"fish"
"341","Iteration_35","Glacier-fed_Glacier-fed_Glacier-fed",0.519860671680117,0.531159120703199,0.978728692433777,0.041336298886123,0.0427246428516504,0.967504843273985,"Homogenous",0.0013883439655274,"fish"
"342","Iteration_35","Glacier-fed_Glacier-fed_Rain-fed",0.417102610696763,0.589461778012251,0.707599078100182,0.0614891487805074,0.075802804382697,0.811172479451738,"2:1",0.0143136556021896,"fish"
"343","Iteration_35","Glacier-fed_Glacier-fed_Snow-fed",0.136546795127619,0.354725257350887,0.384936770917751,0.0299710875862584,0.0768832661845436,0.389825888956363,"2:1",0.0469121785982852,"fish"
"344","Iteration_35","Glacier-fed_Rain-fed_Rain-fed",0.217144945583321,0.51416168218969,0.422328137442202,0.0781117804378569,0.0992618302975128,0.7869266585528,"2:1",0.021150049859656,"fish"
"345","Iteration_35","Glacier-fed_Rain-fed_Snow-fed",0.117114437735899,0.578808559127892,0.202337086915852,0.0526374328119197,0.09818265384928,0.536117437737254,"Heterogenous",0.0455452210373603,"fish"
"346","Iteration_35","Glacier-fed_Snow-fed_Snow-fed",0.187912831474761,0.557885367395218,0.336830543436067,0.0348918681384816,0.113230946713212,0.308147808980654,"2:1",0.0783390785747306,"fish"
"347","Iteration_35","Rain-fed_Rain-fed_Rain-fed",0.532727046834527,0.537136387688011,0.991791021880937,0.140060077269873,0.146196562513818,0.958025789810445,"Homogenous",0.0061364852439455,"fish"
"348","Iteration_35","Rain-fed_Rain-fed_Snow-fed",0.173194024378451,0.474588599478853,0.364935071277809,0.0946225341502513,0.152131664418678,0.621977906518151,"2:1",0.0575091302684269,"fish"
"349","Iteration_35","Rain-fed_Snow-fed_Snow-fed",0.303202242913414,0.786119504994051,0.385694847904465,0.107815976879504,0.155373485938955,0.693914899494909,"2:1",0.0475575090594514,"fish"
"350","Iteration_35","Snow-fed_Snow-fed_Snow-fed",1.35416852546094,1.37771003763544,0.982912578458888,0.147130164260516,0.153775495187749,0.956785501362754,"Homogenous",0.0066453309272328,"fish"
"351","Iteration_36","Glacier-fed_Glacier-fed_Glacier-fed",0.396007215437887,0.426962788133332,0.927498195262445,0.0518302060048034,0.054434818295169,0.952151722519908,"Homogenous",0.00260461229036565,"fish"
"352","Iteration_36","Glacier-fed_Glacier-fed_Rain-fed",0.215459602655916,0.384382476765385,0.560534404349098,0.0501989832017162,0.0699068468052335,0.71808392876845,"2:1",0.0197078636035173,"fish"
"353","Iteration_36","Glacier-fed_Glacier-fed_Snow-fed",0.355113530193935,0.575265264308373,0.617303967798019,0.0400637122120883,0.076991232359245,0.520367202659506,"2:1",0.0369275201471566,"fish"
"354","Iteration_36","Glacier-fed_Rain-fed_Rain-fed",0.244219422655343,0.568627154104051,0.429489553730763,0.0735489992163894,0.086648398348451,0.848821220221715,"2:1",0.0130993991320616,"fish"
"355","Iteration_36","Glacier-fed_Rain-fed_Snow-fed",0.2066622061367,0.640477253700108,0.3226690798819,0.0567601774382117,0.0966377230808416,0.587350111619759,"Heterogenous",0.03987754564263,"fish"
"356","Iteration_36","Glacier-fed_Snow-fed_Snow-fed",0.230307629004692,0.634455711553916,0.363000324231647,0.0408818738302245,0.10124339340965,0.403797941311675,"2:1",0.0603615195794251,"fish"
"357","Iteration_36","Rain-fed_Rain-fed_Rain-fed",0.549555505060978,0.553541677641602,0.992798785093097,0.135953953306787,0.140348345853926,0.968689388389998,"Homogenous",0.0043943925471385,"fish"
"358","Iteration_36","Rain-fed_Rain-fed_Snow-fed",0.261071491348811,0.594733998406921,0.438971863132305,0.103506142483513,0.155217433457705,0.666846115012704,"2:1",0.0517112909741915,"fish"
"359","Iteration_36","Rain-fed_Snow-fed_Snow-fed",0.28708364905447,0.723046349302667,0.397047366785468,0.105169673061197,0.159952076658714,0.657507393827683,"2:1",0.0547824035975173,"fish"
"360","Iteration_36","Snow-fed_Snow-fed_Snow-fed",1.23636847000623,1.26948935537018,0.973910072405227,0.159728819937631,0.171559733730946,0.931039099117112,"Homogenous",0.0118309137933143,"fish"
"361","Iteration_37","Glacier-fed_Glacier-fed_Glacier-fed",0.287292925552325,0.296645576880291,0.968471967705287,0.0687331606926507,0.0700097294962894,0.981765837222576,"Homogenous",0.00127656880363874,"fish"
"362","Iteration_37","Glacier-fed_Glacier-fed_Rain-fed",0.382825796491999,0.528322120203671,0.724606791675537,0.0535830053045015,0.0815963238682189,0.656684060804504,"2:1",0.0280133185637174,"fish"
"363","Iteration_37","Glacier-fed_Glacier-fed_Snow-fed",0.345820816283424,0.562654834171355,0.614623380589503,0.0336338196841107,0.0824793898713917,0.40778453546462,"2:1",0.048845570187281,"fish"
"364","Iteration_37","Glacier-fed_Rain-fed_Rain-fed",0.299019366159374,0.659007989833666,0.453741640120094,0.0754043950005402,0.0941087432409754,0.801247497349521,"2:1",0.0187043482404352,"fish"
"365","Iteration_37","Glacier-fed_Rain-fed_Snow-fed",0.112327785694971,0.548942402652963,0.204625813477164,0.0522868105894313,0.101160536900763,0.516869642958932,"Heterogenous",0.0488737263113318,"fish"
"366","Iteration_37","Glacier-fed_Snow-fed_Snow-fed",0.221060634957261,0.602129633586744,0.367131299684513,0.0320960198710615,0.0978260358938735,0.328092818826686,"2:1",0.065730016022812,"fish"
"367","Iteration_37","Rain-fed_Rain-fed_Rain-fed",0.52866246775381,0.53787323239041,0.982875584650931,0.136907724084574,0.13993641537142,0.97835666092484,"Homogenous",0.00302869128684607,"fish"
"368","Iteration_37","Rain-fed_Rain-fed_Snow-fed",0.329910449599085,0.733309763474496,0.449892345679315,0.0956885365890644,0.131793611857448,0.726048366384891,"2:1",0.0361050752683834,"fish"
"369","Iteration_37","Rain-fed_Snow-fed_Snow-fed",0.334471160102534,0.77427414386189,0.431980278243922,0.101879593763754,0.155785527036168,0.653973419110371,"2:1",0.053905933272414,"fish"
"370","Iteration_37","Snow-fed_Snow-fed_Snow-fed",1.2520175119195,1.27275401437789,0.983707376111851,0.162454273074431,0.170555464604191,0.952501131825002,"Homogenous",0.00810119152975999,"fish"
"371","Iteration_38","Glacier-fed_Glacier-fed_Glacier-fed",0.417506986418516,0.436471024450436,0.956551438767792,0.0492425687450495,0.0499899571571168,0.985049228793729,"Homogenous",0.000747388412067361,"fish"
"372","Iteration_38","Glacier-fed_Glacier-fed_Rain-fed",0.326016462999511,0.534691461796808,0.609728200828094,0.0561659285470271,0.0717106868126845,0.783229544206405,"2:1",0.0155447582656574,"fish"
"373","Iteration_38","Glacier-fed_Glacier-fed_Snow-fed",0.425057446609286,0.652301722880712,0.651627048802104,0.0393230607516362,0.0764814390198196,0.514151685109455,"2:1",0.0371583782681833,"fish"
"374","Iteration_38","Glacier-fed_Rain-fed_Rain-fed",0.2375570138064,0.496798349603911,0.47817593193657,0.0759688059162547,0.098727369765043,0.769480703244193,"2:1",0.0227585638487882,"fish"
"375","Iteration_38","Glacier-fed_Rain-fed_Snow-fed",0.159176008677605,0.687221960684173,0.231622412821521,0.0507607286708343,0.0898965033577331,0.564657431322302,"Heterogenous",0.0391357746868988,"fish"
"376","Iteration_38","Glacier-fed_Snow-fed_Snow-fed",0.176748013216237,0.460707942075525,0.383644380906424,0.0427275721347955,0.115631852789757,0.369513858888719,"2:1",0.0729042806549618,"fish"
"377","Iteration_38","Rain-fed_Rain-fed_Rain-fed",0.475631787383431,0.487489717885433,0.975675526955853,0.138811528423798,0.144953356760765,0.957628933374035,"Homogenous",0.00614182833696772,"fish"
"378","Iteration_38","Rain-fed_Rain-fed_Snow-fed",0.264232826247227,0.588683885362518,0.448853506639663,0.0942780478902763,0.13296834615389,0.709026250361604,"2:1",0.0386902982636135,"fish"
"379","Iteration_38","Rain-fed_Snow-fed_Snow-fed",0.366240244676533,0.845544974369036,0.433141057871971,0.0879820165569495,0.15488776857041,0.568037214100311,"2:1",0.0669057520134606,"fish"
"380","Iteration_38","Snow-fed_Snow-fed_Snow-fed",1.18513509979947,1.21270968337377,0.977262007591465,0.160260192225903,0.189401632660641,0.846139444389309,"Homogenous",0.0291414404347383,"fish"
"381","Iteration_39","Glacier-fed_Glacier-fed_Glacier-fed",0.301418912042107,0.318355408725027,0.946800034744978,0.0633394263545686,0.0640738075108807,0.988538512305713,"Homogenous",0.000734381156312067,"fish"
"382","Iteration_39","Glacier-fed_Glacier-fed_Rain-fed",0.392476833057814,0.589893331865158,0.665335259540668,0.0495718397304177,0.075220128616443,0.659023597037315,"2:1",0.0256482888860253,"fish"
"383","Iteration_39","Glacier-fed_Glacier-fed_Snow-fed",0.257394322127779,0.51510746229659,0.499690532496258,0.0420401723134535,0.099987658934313,0.420453611590925,"2:1",0.0579474866208594,"fish"
"384","Iteration_39","Glacier-fed_Rain-fed_Rain-fed",0.185985704314669,0.439460982600744,0.42321323548225,0.0716188286924847,0.0898848780221676,0.796783955971124,"2:1",0.0182660493296829,"fish"
"385","Iteration_39","Glacier-fed_Rain-fed_Snow-fed",0.0935887925327336,0.461492452315597,0.202795933201377,0.0467749879871237,0.0986169628230378,0.474309760188606,"Heterogenous",0.051841974835914,"fish"
"386","Iteration_39","Glacier-fed_Snow-fed_Snow-fed",0.174344666782572,0.494434777107089,0.352614085527424,0.0421410137533431,0.0938956325309532,0.448806963832435,"2:1",0.0517546187776101,"fish"
"387","Iteration_39","Rain-fed_Rain-fed_Rain-fed",0.569057172415225,0.575965969986527,0.988004851100035,0.138357350512149,0.14183526644646,0.975479187782789,"Homogenous",0.00347791593431171,"fish"
"388","Iteration_39","Rain-fed_Rain-fed_Snow-fed",0.247660643467684,0.571307903360704,0.433497667388857,0.104511493974618,0.144657433781896,0.722475791546206,"2:1",0.0401459398072779,"fish"
"389","Iteration_39","Rain-fed_Snow-fed_Snow-fed",0.385516828148857,0.903924783351075,0.426492154269352,0.103419113471107,0.165000574653568,0.62678032296702,"2:1",0.0615814611824609,"fish"
"390","Iteration_39","Snow-fed_Snow-fed_Snow-fed",1.33457165734252,1.36717568298064,0.976152277981539,0.187088641762296,0.195796821149869,0.955524408739464,"Homogenous",0.00870817938757379,"fish"
"391","Iteration_40","Glacier-fed_Glacier-fed_Glacier-fed",0.38160841667536,0.393435993649978,0.969937735322864,0.0585341733375351,0.0599422731505855,0.976509068825052,"Homogenous",0.00140809981305037,"fish"
"392","Iteration_40","Glacier-fed_Glacier-fed_Rain-fed",0.229413151021774,0.372453490441262,0.615951137281537,0.0534727346511079,0.0703746432014229,0.759829566709998,"2:1",0.016901908550315,"fish"
"393","Iteration_40","Glacier-fed_Glacier-fed_Snow-fed",0.191309012521796,0.366419313597207,0.522104063357576,0.0314403473565773,0.0663220326485969,0.474055846918354,"2:1",0.0348816852920196,"fish"
"394","Iteration_40","Glacier-fed_Rain-fed_Rain-fed",0.252139675404934,0.536158874670415,0.470270450265191,0.0644082141414567,0.0860234715810385,0.748728375612938,"2:1",0.0216152574395818,"fish"
"395","Iteration_40","Glacier-fed_Rain-fed_Snow-fed",0.222505063039421,0.661159389553964,0.336537704152593,0.046921620955946,0.100123755518891,0.468636246341092,"Heterogenous",0.0532021345629445,"fish"
"396","Iteration_40","Glacier-fed_Snow-fed_Snow-fed",0.3686151410027,0.857600156661925,0.429821681047117,0.032852875866862,0.0876348285488764,0.374883780922092,"2:1",0.0547819526820143,"fish"
"397","Iteration_40","Rain-fed_Rain-fed_Rain-fed",0.598069336465304,0.60223274618329,0.993086709840386,0.133849570961334,0.136252676526627,0.982362874428943,"Homogenous",0.00240310556529266,"fish"
"398","Iteration_40","Rain-fed_Rain-fed_Snow-fed",0.291601933077718,0.644034605895137,0.452773702544172,0.100436966797368,0.150497897601211,0.667364583813025,"2:1",0.0500609308038436,"fish"
"399","Iteration_40","Rain-fed_Snow-fed_Snow-fed",0.346799928188195,0.76597365025882,0.452756995062444,0.092484611317712,0.154525866309553,0.598505696984366,"2:1",0.0620412549918411,"fish"
"400","Iteration_40","Snow-fed_Snow-fed_Snow-fed",1.38742411868452,1.40363237223018,0.988452636269773,0.158597450966663,0.174382556428274,0.909480020336191,"Homogenous",0.0157851054616104,"fish"
"401","Iteration_41","Glacier-fed_Glacier-fed_Glacier-fed",0.561414788181074,0.577100905166331,0.972819108677821,0.0590980849932398,0.0647842854383556,0.912228707831833,"Homogenous",0.00568620044511587,"fish"
"402","Iteration_41","Glacier-fed_Glacier-fed_Rain-fed",0.16373299557917,0.293793660746512,0.557306087419088,0.0484726589518803,0.0821046733268437,0.590376369429296,"2:1",0.0336320143749633,"fish"
"403","Iteration_41","Glacier-fed_Glacier-fed_Snow-fed",0.352855695675973,0.583692123869907,0.604523654245191,0.0305434085917881,0.0635467562225204,0.48064465296757,"2:1",0.0330033476307323,"fish"
"404","Iteration_41","Glacier-fed_Rain-fed_Rain-fed",0.271273093403412,0.606345746571269,0.447390115189876,0.074187922700408,0.0876103059863179,0.846794470869602,"2:1",0.0134223832859099,"fish"
"405","Iteration_41","Glacier-fed_Rain-fed_Snow-fed",0.0832864362183177,0.395465415056489,0.210603590218935,0.0453286580954943,0.105207148719996,0.43085150245954,"Heterogenous",0.0598784906245012,"fish"
"406","Iteration_41","Glacier-fed_Snow-fed_Snow-fed",0.23745247523791,0.777083070257103,0.305568972387145,0.039167997483079,0.0933858467235355,0.419421131330897,"2:1",0.0542178492404565,"fish"
"407","Iteration_41","Rain-fed_Rain-fed_Rain-fed",0.545820244503211,0.553219808570736,0.98662454967648,0.137859905577253,0.141251325545836,0.975990172442791,"Homogenous",0.00339141996858267,"fish"
"408","Iteration_41","Rain-fed_Rain-fed_Snow-fed",0.331875319751585,0.746633783685125,0.444495450116875,0.0985980613615257,0.138852054059423,0.710094366478219,"2:1",0.0402539926978978,"fish"
"409","Iteration_41","Rain-fed_Snow-fed_Snow-fed",0.339318399148573,0.868884070925728,0.390522062151578,0.105081998490792,0.159671986823442,0.658111673696318,"2:1",0.0545899883326503,"fish"
"410","Iteration_41","Snow-fed_Snow-fed_Snow-fed",1.19504105615672,1.24232174462161,0.96194167197863,0.145084471883087,0.153714108461506,0.943859176852462,"Homogenous",0.00862963657841881,"fish"
"411","Iteration_42","Glacier-fed_Glacier-fed_Glacier-fed",0.607756163843048,0.617124735915516,0.984818997639805,0.0587977001976456,0.0597412717375998,0.984205700472889,"Homogenous",0.000943571539954169,"fish"
"412","Iteration_42","Glacier-fed_Glacier-fed_Rain-fed",0.285235485482113,0.480325182354135,0.593838291142966,0.0640999025282644,0.0788627089458364,0.81280371147647,"2:1",0.0147628064175719,"fish"
"413","Iteration_42","Glacier-fed_Glacier-fed_Snow-fed",0.376612198172483,0.552728769293057,0.681368908396377,0.0406730676213813,0.0836769481087408,0.486072550931535,"2:1",0.0430038804873595,"fish"
"414","Iteration_42","Glacier-fed_Rain-fed_Rain-fed",0.281664454790923,0.504231236270145,0.558601757547642,0.065722913675123,0.1044414179814,0.629280173951946,"2:1",0.0387185043062765,"fish"
"415","Iteration_42","Glacier-fed_Rain-fed_Snow-fed",0.19784043194392,0.665602520344274,0.297235100374304,0.0634052576402156,0.115750321170719,0.547776083892671,"Heterogenous",0.0523450635305038,"fish"
"416","Iteration_42","Glacier-fed_Snow-fed_Snow-fed",0.326132195628651,0.747212237853753,0.436465276004329,0.0388484016726566,0.0992738003682783,0.391325823415038,"2:1",0.0604253986956217,"fish"
"417","Iteration_42","Rain-fed_Rain-fed_Rain-fed",0.517727064869379,0.529086697520074,0.978529733021187,0.137683771211006,0.141471676157308,0.973224994223646,"Homogenous",0.00378790494630243,"fish"
"418","Iteration_42","Rain-fed_Rain-fed_Snow-fed",0.257583266096447,0.597015474332332,0.431451573988954,0.110138781465923,0.15693328279692,0.701819139337373,"2:1",0.046794501330997,"fish"
"419","Iteration_42","Rain-fed_Snow-fed_Snow-fed",0.370767835673862,0.923871508853558,0.401319698811745,0.123103339994041,0.160667256150632,0.766200549778647,"2:1",0.0375639161565912,"fish"
"420","Iteration_42","Snow-fed_Snow-fed_Snow-fed",1.30291944718994,1.3247558930372,0.983516626752119,0.150549996156294,0.160192150205717,0.939808823109992,"Homogenous",0.00964215404942301,"fish"
"421","Iteration_43","Glacier-fed_Glacier-fed_Glacier-fed",0.471555121916722,0.476516608976889,0.989588008126685,0.0586968216999567,0.0597870511602158,0.981764789547197,"Homogenous",0.00109022946025902,"fish"
"422","Iteration_43","Glacier-fed_Glacier-fed_Rain-fed",0.307210806140906,0.499297270636774,0.61528637188244,0.0562582204923605,0.0733965406129507,0.766496895119792,"2:1",0.0171383201205903,"fish"
"423","Iteration_43","Glacier-fed_Glacier-fed_Snow-fed",0.279246819925929,0.502930054273791,0.555239873920738,0.035479441738821,0.0686899478540767,0.516515776284947,"2:1",0.0332105061152557,"fish"
"424","Iteration_43","Glacier-fed_Rain-fed_Rain-fed",0.229988749215276,0.450149028140628,0.510916907152417,0.0691634232713684,0.0971097629565072,0.712219051573062,"2:1",0.0279463396851388,"fish"
"425","Iteration_43","Glacier-fed_Rain-fed_Snow-fed",0.132811850608304,0.526226795498237,0.252385191602713,0.0486237805185172,0.106519964332986,0.456475749151749,"Heterogenous",0.0578961838144684,"fish"
"426","Iteration_43","Glacier-fed_Snow-fed_Snow-fed",0.255029077260722,0.638037062889476,0.399708876010701,0.0433460530306114,0.122220423344255,0.354654744637234,"2:1",0.0788743703136437,"fish"
"427","Iteration_43","Rain-fed_Rain-fed_Rain-fed",0.568352736250199,0.57533241082044,0.98786844884979,0.140144647728236,0.14351804238555,0.976494978601703,"Homogenous",0.00337339465731398,"fish"
"428","Iteration_43","Rain-fed_Rain-fed_Snow-fed",0.28096971325383,0.742805556593686,0.378254727310178,0.107177561943505,0.148414685568469,0.722149304383095,"2:1",0.0412371236249633,"fish"
"429","Iteration_43","Rain-fed_Snow-fed_Snow-fed",0.328914742342655,0.899193014431374,0.365788809592401,0.111365967403531,0.152785713612707,0.728903015669578,"2:1",0.0414197462091764,"fish"
"430","Iteration_43","Snow-fed_Snow-fed_Snow-fed",1.30823344832302,1.32623613524407,0.986425730348738,0.170687414184451,0.175009607299485,0.975303109459368,"Homogenous",0.00432219311503443,"fish"
"431","Iteration_44","Glacier-fed_Glacier-fed_Glacier-fed",0.454856156599363,0.46604412464628,0.975993757982878,0.0582597106416383,0.0595558650647399,0.97823632615037,"Homogenous",0.00129615442310159,"fish"
"432","Iteration_44","Glacier-fed_Glacier-fed_Rain-fed",0.385725944125904,0.528998809246446,0.729162216216264,0.0608635263035444,0.08816421007003,0.690342784846592,"2:1",0.0273006837664856,"fish"
"433","Iteration_44","Glacier-fed_Glacier-fed_Snow-fed",0.399332227050662,0.636606883457597,0.627282295286806,0.0431254681240218,0.0972615812146673,0.443396740886198,"2:1",0.0541361130906456,"fish"
"434","Iteration_44","Glacier-fed_Rain-fed_Rain-fed",0.24839983724122,0.54407502204367,0.456554385290788,0.0834625968594946,0.10526020965408,0.792916878408095,"2:1",0.0217976127945852,"fish"
"435","Iteration_44","Glacier-fed_Rain-fed_Snow-fed",0.158890730364137,0.627442343016523,0.253235587512705,0.0539534238970111,0.181993321149418,0.296458263172828,"Heterogenous",0.128039897252407,"fish"
"436","Iteration_44","Glacier-fed_Snow-fed_Snow-fed",0.144941171788024,0.598589745423834,0.24213774608751,0.040415710339301,0.0981331958403035,0.41184545141148,"2:1",0.0577174855010025,"fish"
"437","Iteration_44","Rain-fed_Rain-fed_Rain-fed",0.445565671915494,0.452801828884441,0.984019152513639,0.130949443304919,0.132828478562213,0.98585367176051,"Homogenous",0.00187903525729308,"fish"
"438","Iteration_44","Rain-fed_Rain-fed_Snow-fed",0.288292250410342,0.665441660238166,0.433234448091452,0.105142594777543,0.153709791052332,0.684033164430927,"2:1",0.048567196274789,"fish"
"439","Iteration_44","Rain-fed_Snow-fed_Snow-fed",0.341024013621191,0.871806630989501,0.391169327576837,0.0953600555125218,0.141816942156698,0.672416525573899,"2:1",0.0464568866441766,"fish"
"440","Iteration_44","Snow-fed_Snow-fed_Snow-fed",1.11379863727935,1.13718320923726,0.979436407636026,0.176774944857828,0.214599450637412,0.823743697072682,"Homogenous",0.0378245057795836,"fish"
"441","Iteration_45","Glacier-fed_Glacier-fed_Glacier-fed",0.403254095623362,0.412755698113331,0.97698008159936,0.0572440345139989,0.0572074976335176,1.00063867293611,"Homogenous",-3.65368804812818e-05,"fish"
"442","Iteration_45","Glacier-fed_Glacier-fed_Rain-fed",0.324135747740959,0.508672627443391,0.637218773437992,0.0680161764200593,0.0849290918385117,0.800858397843092,"2:1",0.0169129154184524,"fish"
"443","Iteration_45","Glacier-fed_Glacier-fed_Snow-fed",0.51443246557416,0.754955523060996,0.681407645695967,0.0485219693947566,0.0775487211073,0.625696577608538,"2:1",0.0290267517125434,"fish"
"444","Iteration_45","Glacier-fed_Rain-fed_Rain-fed",0.16300675379464,0.312811889724562,0.521101528264067,0.079010117335395,0.110561788753511,0.714624086912543,"2:1",0.0315516714181157,"fish"
"445","Iteration_45","Glacier-fed_Rain-fed_Snow-fed",0.0724000368322958,0.370195417244175,0.19557248269376,0.044001509672658,0.0979720273139861,0.449123192394902,"Heterogenous",0.0539705176413281,"fish"
"446","Iteration_45","Glacier-fed_Snow-fed_Snow-fed",0.223263481155481,0.446490638968824,0.50004067648789,0.0307923678350058,0.10684721544231,0.28819064406626,"2:1",0.0760548476073045,"fish"
"447","Iteration_45","Rain-fed_Rain-fed_Rain-fed",0.455479102198624,0.472483765049786,0.964010058950132,0.130294027255666,0.130840813648363,0.995820979880434,"Homogenous",0.000546786392696896,"fish"
"448","Iteration_45","Rain-fed_Rain-fed_Snow-fed",0.255883424808293,0.602955222237425,0.424382135473957,0.0938299263428718,0.131910162735258,0.711316887169547,"2:1",0.0380802363923858,"fish"
"449","Iteration_45","Rain-fed_Snow-fed_Snow-fed",0.380088789520454,0.995051401714147,0.381979050394468,0.0861756432627553,0.141119886021699,0.610655561679697,"2:1",0.0549442427589435,"fish"
"450","Iteration_45","Snow-fed_Snow-fed_Snow-fed",1.14127083713329,1.18037453758611,0.966871785854692,0.172928028602776,0.177443035700775,0.974555174396289,"Homogenous",0.00451500709799924,"fish"
"451","Iteration_46","Glacier-fed_Glacier-fed_Glacier-fed",0.534810127013089,0.553406388283819,0.966396735447166,0.0662769521179457,0.0706075276425403,0.938666942899932,"Homogenous",0.00433057552459457,"fish"
"452","Iteration_46","Glacier-fed_Glacier-fed_Rain-fed",0.299149593799238,0.466385257044885,0.641421634325905,0.0527909340281846,0.0664826322246141,0.794056015258669,"2:1",0.0136916981964295,"fish"
"453","Iteration_46","Glacier-fed_Glacier-fed_Snow-fed",0.359442966420007,0.623007464426657,0.576948089620076,0.0410557279231191,0.0783025375336543,0.524321806371516,"2:1",0.0372468096105352,"fish"
"454","Iteration_46","Glacier-fed_Rain-fed_Rain-fed",0.201594905941361,0.462531894203361,0.435850821246774,0.0753932163603251,0.0986246006535534,0.764446353756756,"2:1",0.0232313842932283,"fish"
"455","Iteration_46","Glacier-fed_Rain-fed_Snow-fed",0.282197671081443,0.835381975006536,0.337806751311859,0.0806138470894335,0.113335254808469,0.711286591499415,"Heterogenous",0.0327214077190354,"fish"
"456","Iteration_46","Glacier-fed_Snow-fed_Snow-fed",0.188796878808854,0.604342051888298,0.312400697947377,0.0485984611068871,0.104304740596606,0.465927635013633,"2:1",0.0557062794897189,"fish"
"457","Iteration_46","Rain-fed_Rain-fed_Rain-fed",0.544392723597364,0.548762825518827,0.99203644686148,0.13669569394805,0.138547694153855,0.986632760529749,"Homogenous",0.00185200020580564,"fish"
"458","Iteration_46","Rain-fed_Rain-fed_Snow-fed",0.250463317717704,0.56885453394522,0.440294139840368,0.0952330695852182,0.136634516426865,0.696991302605388,"2:1",0.0414014468416471,"fish"
"459","Iteration_46","Rain-fed_Snow-fed_Snow-fed",0.361215904870664,0.920409594250034,0.392451259881737,0.0954306154572811,0.140463224520095,0.679399293183879,"2:1",0.045032609062814,"fish"
"460","Iteration_46","Snow-fed_Snow-fed_Snow-fed",1.35162980243199,1.37235312980337,0.984899420621903,0.134310470003098,0.143207367360289,0.937874024771311,"Homogenous",0.00889689735719107,"fish"
"461","Iteration_47","Glacier-fed_Glacier-fed_Glacier-fed",0.672475705677838,0.681235847884814,0.987140808525894,0.0602154627416801,0.0603588407043289,0.997624573948477,"Homogenous",0.000143377962648794,"fish"
"462","Iteration_47","Glacier-fed_Glacier-fed_Rain-fed",0.310603446963994,0.486188355646901,0.638854146456714,0.0495108772104086,0.0661987558601718,0.747912503295195,"2:1",0.0166878786497632,"fish"
"463","Iteration_47","Glacier-fed_Glacier-fed_Snow-fed",0.280763577882859,0.50771618851879,0.552993156869703,0.0409232172409127,0.0773619341845592,0.528983894628124,"2:1",0.0364387169436465,"fish"
"464","Iteration_47","Glacier-fed_Rain-fed_Rain-fed",0.288110183225468,0.580276403607033,0.496505081775784,0.0764443983811747,0.108123328678226,0.707011144733364,"2:1",0.0316789302970518,"fish"
"465","Iteration_47","Glacier-fed_Rain-fed_Snow-fed",0.145698071351833,0.529541670731821,0.275139954803708,0.0510668749438811,0.111611008389911,0.457543352403734,"Heterogenous",0.0605441334460299,"fish"
"466","Iteration_47","Glacier-fed_Snow-fed_Snow-fed",0.190084841193482,0.589417747590571,0.322495958037425,0.028643004535241,0.0875587581149881,0.327128949198035,"2:1",0.0589157535797471,"fish"
"467","Iteration_47","Rain-fed_Rain-fed_Rain-fed",0.539204638098814,0.559979867234652,0.96290004274898,0.126611809493453,0.128856353095188,0.982581040454579,"Homogenous",0.00224454360173557,"fish"
"468","Iteration_47","Rain-fed_Rain-fed_Snow-fed",0.274300185498863,0.633037437019526,0.433307999587396,0.105306378720384,0.153128437000388,0.687699690424698,"2:1",0.0478220582800032,"fish"
"469","Iteration_47","Rain-fed_Snow-fed_Snow-fed",0.32162897256777,0.807455100469851,0.398324281288974,0.098947300329923,0.154811451664917,0.639147164281426,"2:1",0.0558641513349945,"fish"
"470","Iteration_47","Snow-fed_Snow-fed_Snow-fed",1.17489135454325,1.20808419157473,0.972524400813315,0.156046973236713,0.164652120546596,0.947737403676816,"Homogenous",0.00860514730988299,"fish"
"471","Iteration_48","Glacier-fed_Glacier-fed_Glacier-fed",0.47218511971775,0.497734800536092,0.948668084307499,0.0552155862768661,0.0584200728910637,0.945147507429972,"Homogenous",0.00320448661419754,"fish"
"472","Iteration_48","Glacier-fed_Glacier-fed_Rain-fed",0.127107998565421,0.242314577839203,0.524557786406761,0.05609508541208,0.0792589333410702,0.707744642117367,"2:1",0.0231638479289902,"fish"
"473","Iteration_48","Glacier-fed_Glacier-fed_Snow-fed",0.397571566906643,0.607274335567011,0.654681984107612,0.0311420512779438,0.0658331769238502,0.473044940759369,"2:1",0.0346911256459065,"fish"
"474","Iteration_48","Glacier-fed_Rain-fed_Rain-fed",0.170548916872841,0.464285094703389,0.367336618854408,0.0885925922371433,0.106739458461066,0.829989148478375,"2:1",0.018146866223923,"fish"
"475","Iteration_48","Glacier-fed_Rain-fed_Snow-fed",0.180735770140111,0.63216177336693,0.285901137579866,0.0433367761751913,0.0823764672139955,0.526081994541137,"Heterogenous",0.0390396910388042,"fish"
"476","Iteration_48","Glacier-fed_Snow-fed_Snow-fed",0.237837589057916,0.667927319166438,0.35608303812866,0.0410792388616094,0.107492056627169,0.382160693083497,"2:1",0.0664128177655595,"fish"
"477","Iteration_48","Rain-fed_Rain-fed_Rain-fed",0.4755593081746,0.480244797373432,0.990243539910358,0.126693293329497,0.128150419200863,0.988629566095437,"Homogenous",0.00145712587136546,"fish"
"478","Iteration_48","Rain-fed_Rain-fed_Snow-fed",0.243550828792206,0.557913935771297,0.43653834969278,0.104068901610024,0.146971206610632,0.708090407706404,"2:1",0.0429023050006075,"fish"
"479","Iteration_48","Rain-fed_Snow-fed_Snow-fed",0.294962762905647,0.750995401500891,0.39276240881922,0.10436155412473,0.151832945437049,0.687344593258904,"2:1",0.0474713913123191,"fish"
"480","Iteration_48","Snow-fed_Snow-fed_Snow-fed",1.29946786836119,1.31929930297729,0.984968206553779,0.16053675316533,0.168605458227455,0.95214446111679,"Homogenous",0.00806870506212548,"fish"
"481","Iteration_49","Glacier-fed_Glacier-fed_Glacier-fed",0.558870370186203,0.582497433922069,0.959438338506007,0.055177053778307,0.0578601604268302,0.953627735755827,"Homogenous",0.00268310664852321,"fish"
"482","Iteration_49","Glacier-fed_Glacier-fed_Rain-fed",0.194550003114137,0.30469163281237,0.63851442626894,0.0574653803950799,0.077908062509883,0.73760505066841,"2:1",0.0204426821148031,"fish"
"483","Iteration_49","Glacier-fed_Glacier-fed_Snow-fed",0.350463874018879,0.584368820220843,0.599730618561122,0.0331763664897765,0.080378158029602,0.412753505467968,"2:1",0.0472017915398255,"fish"
"484","Iteration_49","Glacier-fed_Rain-fed_Rain-fed",0.245107718287918,0.52297818952824,0.468676750189184,0.0664635366438362,0.093759781941295,0.708870426825976,"2:1",0.0272962452974588,"fish"
"485","Iteration_49","Glacier-fed_Rain-fed_Snow-fed",0.13312115809598,0.505515403788316,0.263337491001014,0.0463791732532958,0.0962495495850135,0.481863795241254,"Heterogenous",0.0498703763317176,"fish"
"486","Iteration_49","Glacier-fed_Snow-fed_Snow-fed",0.299797069643411,0.820550994432752,0.36536068041775,0.0464200379272639,0.111713271254108,0.415528409526874,"2:1",0.0652932333268443,"fish"
"487","Iteration_49","Rain-fed_Rain-fed_Rain-fed",0.443219029952554,0.448448524791526,0.988338695413474,0.142221765800602,0.145595392902253,0.976828751003709,"Homogenous",0.00337362710165096,"fish"
"488","Iteration_49","Rain-fed_Rain-fed_Snow-fed",0.322749164082676,0.69331280723966,0.465517383657836,0.102911797282629,0.151101286393064,0.681078233939859,"2:1",0.0481894891104352,"fish"
"489","Iteration_49","Rain-fed_Snow-fed_Snow-fed",0.380269599438682,0.94072042760699,0.404232318422184,0.0963370297952578,0.170071936428844,0.566448714691762,"2:1",0.0737349066335864,"fish"
"490","Iteration_49","Snow-fed_Snow-fed_Snow-fed",1.4127881610129,1.42348780621966,0.992483500624309,0.1459281275683,0.151717488840162,0.961841173907372,"Homogenous",0.00578936127186197,"fish"
"491","Iteration_50","Glacier-fed_Glacier-fed_Glacier-fed",0.473790674993134,0.484587121409716,0.977720319134411,0.0624140430383832,0.0644921144598356,0.967777899067854,"Homogenous",0.00207807142145235,"fish"
"492","Iteration_50","Glacier-fed_Glacier-fed_Rain-fed",0.344814638278323,0.598026305212981,0.576587744172091,0.0630241756079274,0.0740201419118125,0.85144629529371,"2:1",0.0109959663038851,"fish"
"493","Iteration_50","Glacier-fed_Glacier-fed_Snow-fed",0.212439034187985,0.380470263951312,0.558359100082446,0.0428800027628491,0.0852728792875627,0.502856278820449,"2:1",0.0423928765247135,"fish"
"494","Iteration_50","Glacier-fed_Rain-fed_Rain-fed",0.3186647136435,0.709190880773084,0.449335605240899,0.0956149460014418,0.116111102568759,0.823478064423857,"2:1",0.0204961565673175,"fish"
"495","Iteration_50","Glacier-fed_Rain-fed_Snow-fed",0.162230419837941,0.679072782819497,0.238899899896391,0.0535975879778475,0.0905540747993996,0.59188488311078,"Heterogenous",0.0369564868215521,"fish"
"496","Iteration_50","Glacier-fed_Snow-fed_Snow-fed",0.290448769277246,0.625661726107893,0.464226525544507,0.0397686101700278,0.111661187763212,0.356154282133923,"2:1",0.071892577593184,"fish"
"497","Iteration_50","Rain-fed_Rain-fed_Rain-fed",0.585739019037196,0.59072893800088,0.99155294646548,0.131878915139345,0.137594106913401,0.958463397144961,"Homogenous",0.00571519177405566,"fish"
"498","Iteration_50","Rain-fed_Rain-fed_Snow-fed",0.326408655624173,0.609304528970941,0.535706925033771,0.0947848345090721,0.148183318317464,0.639645781895691,"2:1",0.0533984838083915,"fish"
"499","Iteration_50","Rain-fed_Snow-fed_Snow-fed",0.362228273224375,0.964796458877037,0.375445276453425,0.0939353795194506,0.136414229051886,0.68860396875257,"2:1",0.042478849532435,"fish"
"500","Iteration_50","Snow-fed_Snow-fed_Snow-fed",1.16243152359252,1.18750119266746,0.978888720929518,0.152157644069364,0.157903898547447,0.963609166518732,"Homogenous",0.00574625447808316,"fish"
