"","Date","Stream","Discharge_cms"
"1",2018-04-01,"Herbert",2.44001286833928
"2",2018-04-01,"Montana",0.509149066447
"3",2018-04-01,"Peterson",0.177767449478937
"4",2018-04-01,"Steep",0.0567454367180043
"5",2018-04-02,"Herbert",2.40525620399454
"6",2018-04-02,"Montana",0.514661741458
"7",2018-04-02,"Peterson",0.161006185333667
"8",2018-04-02,"Steep",0.0417292672955337
"9",2018-04-03,"Herbert",2.37436139124366
"10",2018-04-03,"Montana",0.473580088908
"11",2018-04-03,"Peterson",0.142669824632022
"12",2018-04-03,"Steep",0.041195489108287
"13",2018-04-04,"Herbert",2.3447538623574
"14",2018-04-04,"Montana",0.438377280541
"15",2018-04-04,"Peterson",0.124986873782801
"16",2018-04-04,"Steep",0.0520363421898558
"17",2018-04-05,"Herbert",2.32415732052348
"18",2018-04-05,"Montana",0.429764743239
"19",2018-04-05,"Peterson",0.126801203402723
"20",2018-04-05,"Steep",0.0572310713463305
"21",2018-04-06,"Herbert",2.30870991414804
"22",2018-04-06,"Montana",0.585865520072
"23",2018-04-06,"Peterson",0.12624270837705
"24",2018-04-06,"Steep",0.0390907366725875
"25",2018-04-07,"Herbert",2.31385904960652
"26",2018-04-07,"Montana",0.502038601736
"27",2018-04-07,"Peterson",0.13382327584097
"28",2018-04-07,"Steep",0.0413686108945491
"29",2018-04-08,"Herbert",2.3511902816805
"30",2018-04-08,"Montana",0.481625765607
"31",2018-04-08,"Peterson",0.203457984437049
"32",2018-04-08,"Steep",0.0482151717151913
"33",2018-04-09,"Herbert",2.50437706157028
"34",2018-04-09,"Montana",0.708832958017
"35",2018-04-09,"Peterson",1.15675048660995
"36",2018-04-09,"Steep",0.309711746527856
"37",2018-04-10,"Herbert",2.71420433150334
"38",2018-04-10,"Montana",1.529249356359
"39",2018-04-10,"Peterson",2.11678659703215
"40",2018-04-10,"Steep",0.191689211009227
"41",2018-04-11,"Herbert",3.091378503837
"42",2018-04-11,"Montana",1.79303194336
"43",2018-04-11,"Peterson",1.76472855476265
"44",2018-04-11,"Steep",0.209075644979207
"45",2018-04-12,"Herbert",3.3617081154072
"46",2018-04-12,"Montana",1.8951263385
"47",2018-04-12,"Peterson",1.73509421593882
"48",2018-04-12,"Steep",0.140895778990276
"49",2018-04-13,"Herbert",3.4389451472844
"50",2018-04-13,"Montana",1.84861872695
"51",2018-04-13,"Peterson",1.32395138441072
"52",2018-04-13,"Steep",0.117084340896711
"53",2018-04-14,"Herbert",3.5290550178078
"54",2018-04-14,"Montana",1.471378057533
"55",2018-04-14,"Peterson",1.10048911969333
"56",2018-04-14,"Steep",0.106915371304273
"57",2018-04-15,"Herbert",3.5548006951002
"58",2018-04-15,"Montana",1.358893110237
"59",2018-04-15,"Peterson",1.04968160052344
"60",2018-04-15,"Steep",0.0961312569825787
"61",2018-04-16,"Herbert",3.5033093405154
"62",2018-04-16,"Montana",1.228944435569
"63",2018-04-16,"Peterson",0.898941463882474
"64",2018-04-16,"Steep",0.0877392273224201
"65",2018-04-17,"Herbert",3.4260723086382
"66",2018-04-17,"Montana",1.120356676462
"67",2018-04-17,"Peterson",0.625013998645822
"68",2018-04-17,"Steep",0.0783476827353347
"69",2018-04-18,"Herbert",3.4003266313458
"70",2018-04-18,"Montana",0.904454550708
"71",2018-04-18,"Peterson",0.786113127888363
"72",2018-04-18,"Steep",0.0858640457177741
"73",2018-04-19,"Herbert",3.5033093405154
"74",2018-04-19,"Montana",0.911820125769
"75",2018-04-19,"Peterson",2.88380023652953
"76",2018-04-19,"Steep",0.14803806072598
"77",2018-04-20,"Herbert",3.6835290815622
"78",2018-04-20,"Montana",1.662296764714
"79",2018-04-20,"Peterson",2.17830514505207
"80",2018-04-20,"Steep",0.113322576327948
"81",2018-04-21,"Herbert",3.6835290815622
"82",2018-04-21,"Montana",1.811125995783
"83",2018-04-21,"Peterson",1.18385441640095
"84",2018-04-21,"Steep",0.0881775307293341
"85",2018-04-22,"Herbert",3.5805463723926
"86",2018-04-22,"Montana",1.336291915763
"87",2018-04-22,"Peterson",1.02951097471167
"88",2018-04-22,"Steep",0.0980444743086139
"89",2018-04-23,"Herbert",3.7736389520856
"90",2018-04-23,"Montana",1.250555026182
"91",2018-04-23,"Peterson",1.92194309374755
"92",2018-04-23,"Steep",0.395155712168009
"93",2018-04-24,"Herbert",4.4687722389804
"94",2018-04-24,"Montana",1.508715807712
"95",2018-04-24,"Peterson",3.99733989512334
"96",2018-04-24,"Steep",0.339728205985192
"97",2018-04-25,"Herbert",4.6489919800272
"98",2018-04-25,"Montana",2.93559528343
"99",2018-04-25,"Peterson",2.42672581130033
"100",2018-04-25,"Steep",0.230283868630154
"101",2018-04-26,"Herbert",4.9193215915974
"102",2018-04-26,"Montana",2.127280264219
"103",2018-04-26,"Peterson",2.8137847118654
"104",2018-04-26,"Steep",0.387650006827022
"105",2018-04-27,"Herbert",5.4985993306764
"106",2018-04-27,"Montana",2.084049557213
"107",2018-04-27,"Peterson",2.47404414525933
"108",2018-04-27,"Steep",0.295327377849939
"109",2018-04-28,"Herbert",5.3055067509834
"110",2018-04-28,"Montana",2.704560118971
"111",2018-04-28,"Peterson",1.18576875279431
"112",2018-04-28,"Steep",0.185700571915499
"113",2018-04-29,"Herbert",4.8420845597202
"114",2018-04-29,"Montana",1.6171319859
"115",2018-04-29,"Peterson",0.942196191747086
"116",2018-04-29,"Steep",0.151028183243355
"117",2018-04-30,"Herbert",4.507390754919
"118",2018-04-30,"Montana",1.338030597013
"119",2018-04-30,"Peterson",0.778974947983695
"120",2018-04-30,"Steep",0.141364740600659
"121",2018-05-01,"Herbert",4.7519746891968
"122",2018-05-01,"Montana",1.236616586228
"123",2018-05-01,"Peterson",1.94785394609807
"124",2018-05-01,"Steep",0.770974680876414
"125",2018-05-02,"Herbert",6.7215190020654
"126",2018-05-02,"Montana",1.60768805799
"127",2018-05-02,"Peterson",4.79966993302696
"128",2018-05-02,"Steep",1.03188732774975
"129",2018-05-03,"Herbert",6.5541720996648
"130",2018-05-03,"Montana",6.04348938045
"131",2018-05-03,"Peterson",1.30328695367487
"132",2018-05-03,"Steep",0.264146683694857
"133",2018-05-04,"Herbert",6.631409131542
"134",2018-05-04,"Montana",2.218075794648
"135",2018-05-04,"Peterson",2.30610739173698
"136",2018-05-04,"Steep",0.988972733067357
"137",2018-05-05,"Herbert",9.8367459544458
"138",2018-05-05,"Montana",2.172746114564
"139",2018-05-05,"Peterson",8.21675460688165
"140",2018-05-05,"Steep",1.95568128835517
"141",2018-05-06,"Herbert",13.647106193721
"142",2018-05-06,"Montana",7.01977803737
"143",2018-05-06,"Peterson",4.69262464589916
"144",2018-05-06,"Steep",1.24904132351022
"145",2018-05-07,"Herbert",13.1708111638116
"146",2018-05-07,"Montana",9.10217754016
"147",2018-05-07,"Peterson",1.4634294856826
"148",2018-05-07,"Steep",0.826192832291026
"149",2018-05-08,"Herbert",15.063118444803
"150",2018-05-08,"Montana",3.97749959587
"151",2018-05-08,"Peterson",0.974286499313288
"152",2018-05-08,"Steep",0.837981452691383
"153",2018-05-09,"Herbert",18.023871333429
"154",2018-05-09,"Montana",3.58601809449
"155",2018-05-09,"Peterson",0.77554393338051
"156",2018-05-09,"Steep",0.846424270100981
"157",2018-05-10,"Herbert",20.984624222055
"158",2018-05-10,"Montana",3.56596952832
"159",2018-05-10,"Peterson",0.708937485365638
"160",2018-05-10,"Steep",0.991901981420307
"161",2018-05-11,"Herbert",21.499537767903
"162",2018-05-11,"Montana",3.83768963508
"163",2018-05-11,"Peterson",1.070818842275
"164",2018-05-11,"Steep",1.1828998695796
"165",2018-05-12,"Herbert",26.133759680535
"166",2018-05-12,"Montana",3.87258723955
"167",2018-05-12,"Peterson",4.7999629327002
"168",2018-05-12,"Steep",2.04887503356347
"169",2018-05-13,"Herbert",29.094512569161
"170",2018-05-13,"Montana",7.83793798785
"171",2018-05-13,"Peterson",1.57918679572063
"172",2018-05-13,"Steep",1.35414493923353
"173",2018-05-14,"Herbert",33.857462868255
"174",2018-05-14,"Montana",5.12286354639
"175",2018-05-14,"Peterson",1.66534531843941
"176",2018-05-14,"Steep",1.05832539082016
"177",2018-05-15,"Herbert",28.837055796237
"178",2018-05-15,"Montana",7.13321738745
"179",2018-05-15,"Peterson",1.069012390844
"180",2018-05-15,"Steep",0.675720458341444
"181",2018-05-16,"Herbert",22.271908086675
"182",2018-05-16,"Montana",3.73111325291
"183",2018-05-16,"Peterson",0.668631519877671
"184",2018-05-16,"Steep",0.454174075547475
"185",2018-05-17,"Herbert",18.667513265739
"186",2018-05-17,"Montana",2.526458317084
"187",2018-05-17,"Peterson",0.489075826439147
"188",2018-05-17,"Steep",0.429201579884331
"189",2018-05-18,"Herbert",18.152599719891
"190",2018-05-18,"Montana",2.301390786926
"191",2018-05-18,"Peterson",0.383872639837219
"192",2018-05-18,"Steep",0.477964223306159
"193",2018-05-19,"Herbert",19.311155198049
"194",2018-05-19,"Montana",2.499869240279
"195",2018-05-19,"Peterson",0.301988600054306
"196",2018-05-19,"Steep",0.445641826491226
"197",2018-05-20,"Herbert",20.340982289745
"198",2018-05-20,"Montana",2.86536287911
"199",2018-05-20,"Peterson",0.369834523385723
"200",2018-05-20,"Steep",0.504776382431423
"201",2018-05-21,"Herbert",23.044278405447
"202",2018-05-21,"Montana",2.84199983392
"203",2018-05-21,"Peterson",0.587926024881008
"204",2018-05-21,"Steep",0.731637325598593
"205",2018-05-22,"Herbert",28.579599023313
"206",2018-05-22,"Montana",3.19265806175
"207",2018-05-22,"Peterson",1.6958733648317
"208",2018-05-22,"Steep",1.18836533960005
"209",2018-05-23,"Herbert",29.995611274395
"210",2018-05-23,"Montana",3.74038032846
"211",2018-05-23,"Peterson",2.17894613972804
"212",2018-05-23,"Steep",0.826571210913715
"213",2018-05-24,"Herbert",26.777401612845
"214",2018-05-24,"Montana",4.91123260889
"215",2018-05-24,"Peterson",0.809651283990362
"216",2018-05-24,"Steep",0.510117453440414
"217",2018-05-25,"Herbert",22.658093246061
"218",2018-05-25,"Montana",2.730418018864
"219",2018-05-25,"Peterson",0.824095202992664
"220",2018-05-25,"Steep",0.49064687884372
"221",2018-05-26,"Herbert",21.370809381441
"222",2018-05-26,"Montana",2.366167954764
"223",2018-05-26,"Peterson",4.1071190277534
"224",2018-05-26,"Steep",0.749414838763183
"225",2018-05-27,"Herbert",22.014451313751
"226",2018-05-27,"Montana",3.91493601894
"227",2018-05-27,"Peterson",1.77950568740477
"228",2018-05-27,"Steep",0.575144989869643
"229",2018-05-28,"Herbert",21.885722927289
"230",2018-05-28,"Montana",2.90066733853
"231",2018-05-28,"Peterson",0.942722361134847
"232",2018-05-28,"Steep",0.45104839671773
"233",2018-05-29,"Herbert",15.835488763575
"234",2018-05-29,"Montana",2.184580647335
"235",2018-05-29,"Peterson",0.819709835224838
"236",2018-05-29,"Steep",0.350818788698269
"237",2018-05-30,"Herbert",14.4066036738468
"238",2018-05-30,"Montana",2.003121789361
"239",2018-05-30,"Peterson",0.575145842629452
"240",2018-05-30,"Steep",0.315047854204067
"241",2018-05-31,"Herbert",14.3937308352006
"242",2018-05-31,"Montana",1.799782972601
"243",2018-05-31,"Peterson",0.407647403898281
"244",2018-05-31,"Steep",0.28467692910292
"245",2018-06-01,"Herbert",14.934390058341
"246",2018-06-01,"Montana",1.705831520694
"247",2018-06-01,"Peterson",0.236212145039189
"248",2018-06-01,"Steep",0.265923240117543
"249",2018-06-02,"Herbert",15.578031990651
"250",2018-06-02,"Montana",1.659850777036
"251",2018-06-02,"Peterson",0.209798276448892
"252",2018-06-02,"Steep",0.250379055919444
"253",2018-06-03,"Herbert",15.835488763575
"254",2018-06-03,"Montana",1.69253887825
"255",2018-06-03,"Peterson",0.144488810642194
"256",2018-06-03,"Steep",0.227824937227523
"257",2018-06-04,"Herbert",16.221673922961
"258",2018-06-04,"Montana",1.543152709124
"259",2018-06-04,"Peterson",0.131439250859473
"260",2018-06-04,"Steep",0.287905515356813
"261",2018-06-05,"Herbert",16.479130695885
"262",2018-06-05,"Montana",1.503823302863
"263",2018-06-05,"Peterson",0.395939039647413
"264",2018-06-05,"Steep",0.26836146063722
"265",2018-06-06,"Herbert",16.607859082347
"266",2018-06-06,"Montana",1.726245254782
"267",2018-06-06,"Peterson",0.320938556653557
"268",2018-06-06,"Steep",0.23247295814739
"269",2018-06-07,"Herbert",16.221673922961
"270",2018-06-07,"Montana",1.667507379958
"271",2018-06-07,"Peterson",0.229551025502818
"272",2018-06-07,"Steep",0.228457125199836
"273",2018-06-08,"Herbert",16.350402309423
"274",2018-06-08,"Montana",1.513325941953
"275",2018-06-08,"Peterson",0.179658945130755
"276",2018-06-08,"Steep",0.212989724592911
"277",2018-06-09,"Herbert",16.607859082347
"278",2018-06-09,"Montana",1.50635014449
"279",2018-06-09,"Peterson",0.16635779327744
"280",2018-06-09,"Steep",0.208172586273699
"281",2018-06-10,"Herbert",17.251501014657
"282",2018-06-10,"Montana",1.383633648305
"283",2018-06-10,"Peterson",0.676502437953016
"284",2018-06-10,"Steep",0.292274473113603
"285",2018-06-11,"Herbert",18.924970038663
"286",2018-06-11,"Montana",1.694605615081
"287",2018-06-11,"Peterson",0.769540440816381
"288",2018-06-11,"Steep",0.333224187006342
"289",2018-06-12,"Herbert",20.598439062669
"290",2018-06-12,"Montana",2.263545460965
"291",2018-06-12,"Peterson",0.569594736400942
"292",2018-06-12,"Steep",0.243120981302936
"293",2018-06-13,"Herbert",21.628266154365
"294",2018-06-13,"Montana",2.357121918911
"295",2018-06-13,"Peterson",0.342278649225315
"296",2018-06-13,"Steep",0.221508114484118
"297",2018-06-14,"Herbert",22.014451313751
"298",2018-06-14,"Montana",1.863770145656
"299",2018-06-14,"Peterson",0.26546808389468
"300",2018-06-14,"Steep",0.241181764555403
"301",2018-06-15,"Herbert",21.242080994979
"302",2018-06-15,"Montana",1.696734776901
"303",2018-06-15,"Peterson",0.209755635511677
"304",2018-06-15,"Steep",0.205893464624573
"305",2018-06-16,"Herbert",20.340982289745
"306",2018-06-16,"Montana",1.578443134857
"307",2018-06-16,"Peterson",0.193231211386882
"308",2018-06-16,"Steep",0.222129530009134
"309",2018-06-17,"Herbert",26.648673226383
"310",2018-06-17,"Montana",1.36416169888
"311",2018-06-17,"Peterson",0.457877559618518
"312",2018-06-17,"Steep",0.352953379067521
"313",2018-06-18,"Herbert",36.818215756881
"314",2018-06-18,"Montana",2.449490469748
"315",2018-06-18,"Peterson",0.472991624497661
"316",2018-06-18,"Steep",0.278121718045745
"317",2018-06-19,"Herbert",50.334696335391
"318",2018-06-19,"Montana",2.743285501352
"319",2018-06-19,"Peterson",0.291690584237948
"320",2018-06-19,"Steep",0.233891209567666
"321",2018-06-20,"Herbert",57.929671136649
"322",2018-06-20,"Montana",2.688587960362
"323",2018-06-20,"Peterson",0.192871057317616
"324",2018-06-20,"Steep",0.214312790610534
"325",2018-06-21,"Herbert",53.681634383403
"326",2018-06-21,"Montana",2.622977887583
"327",2018-06-21,"Peterson",0.141689560366348
"328",2018-06-21,"Steep",0.194400790618213
"329",2018-06-22,"Herbert",44.928104103987
"330",2018-06-22,"Montana",2.378757626623
"331",2018-06-22,"Peterson",0.106320678209793
"332",2018-06-22,"Steep",0.176599538900042
"333",2018-06-23,"Herbert",39.006598326735
"334",2018-06-23,"Montana",2.043183976012
"335",2018-06-23,"Peterson",0.08832529443414
"336",2018-06-23,"Steep",0.160504585436795
"337",2018-06-24,"Herbert",32.698907390097
"338",2018-06-24,"Montana",1.57820948751
"339",2018-06-24,"Peterson",0.0940673731009574
"340",2018-06-24,"Steep",0.154175143279094
"341",2018-06-25,"Herbert",27.935957091003
"342",2018-06-25,"Montana",1.274325300448
"343",2018-06-25,"Peterson",0.0887717275858264
"344",2018-06-25,"Steep",0.142802960037938
"345",2018-06-26,"Herbert",24.975204202377
"346",2018-06-26,"Montana",1.245599086883
"347",2018-06-26,"Peterson",0.0727177252317747
"348",2018-06-26,"Steep",0.140251915742564
"349",2018-06-27,"Herbert",24.846475815915
"350",2018-06-27,"Montana",1.115396414621
"351",2018-06-27,"Peterson",0.0699921267113856
"352",2018-06-27,"Steep",0.134505958160061
"353",2018-06-28,"Herbert",25.232660975301
"354",2018-06-28,"Montana",1.06857144489
"355",2018-06-28,"Peterson",0.062836481495904
"356",2018-06-28,"Steep",0.12897474455423
"357",2018-06-29,"Herbert",25.618846134687
"358",2018-06-29,"Montana",1.093281060114
"359",2018-06-29,"Peterson",0.0749223689500914
"360",2018-06-29,"Steep",0.198799577816057
"361",2018-06-30,"Herbert",29.866882887933
"362",2018-06-30,"Montana",1.142124869492
"363",2018-06-30,"Peterson",0.0943940993720415
"364",2018-06-30,"Steep",0.211206428224802
"365",2018-07-01,"Herbert",29.738154501471
"366",2018-07-01,"Montana",1.463806558937
"367",2018-07-01,"Peterson",0.0868877755971683
"368",2018-07-01,"Steep",0.140464288388581
"369",2018-07-02,"Herbert",27.421043545155
"370",2018-07-02,"Montana",1.213769135908
"371",2018-07-02,"Peterson",0.0712592106678666
"372",2018-07-02,"Steep",0.125895009151706
"373",2018-07-03,"Herbert",30.639253206705
"374",2018-07-03,"Montana",1.110091095974
"375",2018-07-03,"Peterson",0.0553997440664313
"376",2018-07-03,"Steep",0.117597681945934
"377",2018-07-04,"Herbert",41.323709283051
"378",2018-07-04,"Montana",1.177050245601
"379",2018-07-04,"Peterson",0.0415240290835363
"380",2018-07-04,"Steep",0.114570047279502
"381",2018-07-05,"Herbert",48.918684084309
"382",2018-07-05,"Montana",1.418854791393
"383",2018-07-05,"Peterson",0.0315785500504109
"384",2018-07-05,"Steep",0.111736770627025
"385",2018-07-06,"Herbert",45.314289263373
"386",2018-07-06,"Montana",1.407171500331
"387",2018-07-06,"Peterson",0.0267301745064861
"388",2018-07-06,"Steep",0.104951480097469
"389",2018-07-07,"Herbert",39.650240259045
"390",2018-07-07,"Montana",1.388087710027
"391",2018-07-07,"Peterson",0.0259945659241855
"392",2018-07-07,"Steep",0.09554684456636
"393",2018-07-08,"Herbert",33.471277708869
"394",2018-07-08,"Montana",1.177376212925
"395",2018-07-08,"Peterson",0.0264952215503265
"396",2018-07-08,"Steep",0.0933337732713664
"397",2018-07-09,"Herbert",30.767981593167
"398",2018-07-09,"Montana",1.012614929441
"399",2018-07-09,"Peterson",0.0230053499281211
"400",2018-07-09,"Steep",0.0904305725831557
"401",2018-07-10,"Herbert",32.183993844249
"402",2018-07-10,"Montana",0.950195724395
"403",2018-07-10,"Peterson",0.0293014393907141
"404",2018-07-10,"Steep",0.163285036726463
"405",2018-07-11,"Herbert",46.086659582145
"406",2018-07-11,"Montana",0.991222837185
"407",2018-07-11,"Peterson",0.0891448513056959
"408",2018-07-11,"Steep",0.222803206535066
"409",2018-07-12,"Herbert",60.118053706503
"410",2018-07-12,"Montana",2.23580480339
"411",2018-07-12,"Peterson",0.245177775035994
"412",2018-07-12,"Steep",0.159403449423691
"413",2018-07-13,"Herbert",47.116486673841
"414",2018-07-13,"Montana",2.15223716739
"415",2018-07-13,"Peterson",0.246261456293057
"416",2018-07-13,"Steep",0.116886407237201
"417",2018-07-14,"Herbert",38.105499621501
"418",2018-07-14,"Montana",1.567990173843
"419",2018-07-14,"Peterson",0.133500530622184
"420",2018-07-14,"Steep",0.113367596272603
"421",2018-07-15,"Herbert",41.066252510127
"422",2018-07-15,"Montana",1.10489433924
"423",2018-07-15,"Peterson",0.430986195652847
"424",2018-07-15,"Steep",0.431364597254103
"425",2018-07-16,"Herbert",59.860596933579
"426",2018-07-16,"Montana",1.564965835196
"427",2018-07-16,"Peterson",3.88925026059765
"428",2018-07-16,"Steep",1.09009549267679
"429",2018-07-17,"Herbert",52.394350518783
"430",2018-07-17,"Montana",5.98169715115
"431",2018-07-17,"Peterson",1.1285781287587
"432",2018-07-17,"Steep",0.317100190963117
"433",2018-07-18,"Herbert",63.851176913901
"434",2018-07-18,"Montana",2.386219298862
"435",2018-07-18,"Peterson",0.466203446914454
"436",2018-07-18,"Steep",0.222952748759171
"437",2018-07-19,"Herbert",136.968900424317
"438",2018-07-19,"Montana",1.393545599351
"439",2018-07-19,"Peterson",0.345265695407221
"440",2018-07-19,"Steep",0.309415948506617
"441",2018-07-20,"Herbert",66.554473029603
"442",2018-07-20,"Montana",1.325637745145
"443",2018-07-20,"Peterson",0.261655137828994
"444",2018-07-20,"Steep",0.182311635152834
"445",2018-07-21,"Herbert",47.502671833227
"446",2018-07-21,"Montana",1.244947961615
"447",2018-07-21,"Peterson",0.162770650969866
"448",2018-07-21,"Steep",0.158813588449981
"449",2018-07-22,"Herbert",58.573313068959
"450",2018-07-22,"Montana",1.211934095988
"451",2018-07-22,"Peterson",0.110752238914163
"452",2018-07-22,"Steep",0.144987503997614
"453",2018-07-23,"Herbert",57.929671136649
"454",2018-07-23,"Montana",1.212503715558
"455",2018-07-23,"Peterson",0.0860426316500559
"456",2018-07-23,"Steep",0.13187591755965
"457",2018-07-24,"Herbert",54.711461475099
"458",2018-07-24,"Montana",1.163390096527
"459",2018-07-24,"Peterson",0.0699270597422527
"460",2018-07-24,"Steep",0.12037814175428
"461",2018-07-25,"Herbert",51.621980200011
"462",2018-07-25,"Montana",1.097927493633
"463",2018-07-25,"Peterson",0.0586120181953619
"464",2018-07-25,"Steep",0.112768775215018
"465",2018-07-26,"Herbert",50.205967948929
"466",2018-07-26,"Montana",1.032546702077
"467",2018-07-26,"Peterson",0.0510092369328778
"468",2018-07-26,"Steep",0.107956859622525
"469",2018-07-27,"Herbert",49.047412470771
"470",2018-07-27,"Montana",0.989627920784
"471",2018-07-27,"Peterson",0.0460617427927988
"472",2018-07-27,"Steep",0.103180629875299
"473",2018-07-28,"Herbert",46.987758287379
"474",2018-07-28,"Montana",0.935892106335
"475",2018-07-28,"Peterson",0.0424450937088643
"476",2018-07-28,"Steep",0.0964347406760675
"477",2018-07-29,"Herbert",54.711461475099
"478",2018-07-29,"Montana",0.906801243025
"479",2018-07-29,"Peterson",0.0383712498208877
"480",2018-07-29,"Steep",0.089827247487103
"481",2018-07-30,"Herbert",48.017585379075
"482",2018-07-30,"Montana",0.877174337246
"483",2018-07-30,"Peterson",0.0335746620692086
"484",2018-07-30,"Steep",0.0858436222903038
"485",2018-07-31,"Herbert",47.502671833227
"486",2018-07-31,"Montana",0.902446072257
"487",2018-07-31,"Peterson",0.0313536909429984
"488",2018-07-31,"Steep",0.0816090561755121
"489",2018-08-01,"Herbert",52.265622132321
"490",2018-08-01,"Montana",0.901608594036
"491",2018-08-01,"Peterson",0.0269681928933052
"492",2018-08-01,"Steep",0.0775415233077808
"493",2018-08-02,"Herbert",60.246782092965
"494",2018-08-02,"Montana",0.963987257634
"495",2018-08-02,"Peterson",0.0258246148746042
"496",2018-08-02,"Steep",0.110480944235545
"497",2018-08-03,"Herbert",47.116486673841
"498",2018-08-03,"Montana",1.198213967328
"499",2018-08-03,"Peterson",0.0325087496767648
"500",2018-08-03,"Steep",0.112558332441797
"501",2018-08-04,"Herbert",53.552905996941
"502",2018-08-04,"Montana",1.569240670754
"503",2018-08-04,"Peterson",0.053163491831791
"504",2018-08-04,"Steep",0.0899404257755915
"505",2018-08-05,"Herbert",58.830769841883
"506",2018-08-05,"Montana",2.596449030065
"507",2018-08-05,"Peterson",0.0540391618300299
"508",2018-08-05,"Steep",0.077865888898299
"509",2018-08-06,"Herbert",66.168287870217
"510",2018-08-06,"Montana",2.279793041966
"511",2018-08-06,"Peterson",0.0460843675612191
"512",2018-08-06,"Steep",0.0861084578521616
"513",2018-08-07,"Herbert",78.268756197645
"514",2018-08-07,"Montana",2.385950442919
"515",2018-08-07,"Peterson",0.0895897377931825
"516",2018-08-07,"Steep",0.191287231892037
"517",2018-08-08,"Herbert",119.204383092561
"518",2018-08-08,"Montana",4.0150315398
"519",2018-08-08,"Peterson",4.07848884532917
"520",2018-08-08,"Steep",0.425658882300654
"521",2018-08-09,"Herbert",152.416306799757
"522",2018-08-09,"Montana",9.75651220362
"523",2018-08-09,"Peterson",10.3299407242999
"524",2018-08-09,"Steep",0.988734000554897
"525",2018-08-10,"Herbert",91.527780003231
"526",2018-08-10,"Montana",17.53484981981
"527",2018-08-10,"Peterson",2.78218406838478
"528",2018-08-10,"Steep",0.537835747512187
"529",2018-08-11,"Herbert",58.187127909573
"530",2018-08-11,"Montana",11.30843310514
"531",2018-08-11,"Peterson",0.820631418067831
"532",2018-08-11,"Steep",0.227757157302405
"533",2018-08-12,"Herbert",56.384930499105
"534",2018-08-12,"Montana",5.60500013011
"535",2018-08-12,"Peterson",0.487823839541949
"536",2018-08-12,"Steep",0.194690794282632
"537",2018-08-13,"Herbert",56.771115658491
"538",2018-08-13,"Montana",4.50337087507
"539",2018-08-13,"Peterson",0.371882937147177
"540",2018-08-13,"Steep",0.307678492386981
"541",2018-08-14,"Herbert",76.595287173639
"542",2018-08-14,"Montana",4.83828599968
"543",2018-08-14,"Peterson",5.25446775588115
"544",2018-08-14,"Steep",0.820960343241758
"545",2018-08-15,"Herbert",75.565460081943
"546",2018-08-15,"Montana",14.16871396081
"547",2018-08-15,"Peterson",1.19603136966599
"548",2018-08-15,"Steep",0.422061933076085
"549",2018-08-16,"Herbert",43.125906693519
"550",2018-08-16,"Montana",7.24764615364
"551",2018-08-16,"Peterson",0.611320908243954
"552",2018-08-16,"Steep",0.246899686203819
"553",2018-08-17,"Herbert",32.827635776559
"554",2018-08-17,"Montana",4.94189360431
"555",2018-08-17,"Peterson",0.409157401409808
"556",2018-08-17,"Steep",0.211015400082197
"557",2018-08-18,"Herbert",29.223240955623
"558",2018-08-18,"Montana",4.16987478604
"559",2018-08-18,"Peterson",0.278226330045793
"560",2018-08-18,"Steep",0.174300814206121
"561",2018-08-19,"Herbert",29.866882887933
"562",2018-08-19,"Montana",3.64013787966
"563",2018-08-19,"Peterson",0.15095726587528
"564",2018-08-19,"Steep",0.153754575369943
"565",2018-08-20,"Herbert",29.609426115009
"566",2018-08-20,"Montana",3.39718211081
"567",2018-08-20,"Peterson",0.0913081036558564
"568",2018-08-20,"Steep",0.139315259546866
"569",2018-08-21,"Herbert",34.758561573489
"570",2018-08-21,"Montana",3.28377942055
"571",2018-08-21,"Peterson",0.0928305626811721
"572",2018-08-21,"Steep",0.183443609236231
"573",2018-08-22,"Herbert",45.829202809221
"574",2018-08-22,"Montana",3.30761922452
"575",2018-08-22,"Peterson",0.355603442489791
"576",2018-08-22,"Steep",0.261508163847493
"577",2018-08-23,"Herbert",51.879436972935
"578",2018-08-23,"Montana",4.46716882172
"579",2018-08-23,"Peterson",0.556629728682028
"580",2018-08-23,"Steep",0.196871491985561
"581",2018-08-24,"Herbert",48.918684084309
"582",2018-08-24,"Montana",4.88842361544
"583",2018-08-24,"Peterson",0.446065484822996
"584",2018-08-24,"Steep",0.336095074841234
"585",2018-08-25,"Herbert",63.722448527439
"586",2018-08-25,"Montana",4.78252455698
"587",2018-08-25,"Peterson",1.06190401330861
"588",2018-08-25,"Steep",0.443060291561606
"589",2018-08-26,"Herbert",73.377077512089
"590",2018-08-26,"Montana",7.49601390978
"591",2018-08-26,"Peterson",0.597621481027239
"592",2018-08-26,"Steep",0.254610239487478
"593",2018-08-27,"Herbert",42.997178307057
"594",2018-08-27,"Montana",5.00120606309
"595",2018-08-27,"Peterson",0.428270965695225
"596",2018-08-27,"Steep",0.337111675194974
"597",2018-08-28,"Herbert",57.800942750187
"598",2018-08-28,"Montana",4.17608415979
"599",2018-08-28,"Peterson",4.38531896641803
"600",2018-08-28,"Steep",1.5333358005465
"601",2018-08-29,"Herbert",72.990892352703
"602",2018-08-29,"Montana",10.37800072112
"603",2018-08-29,"Peterson",4.41008106462276
"604",2018-08-29,"Steep",0.73722131836841
"605",2018-08-30,"Herbert",52.136893745859
"606",2018-08-30,"Montana",8.11219492642
"607",2018-08-30,"Peterson",0.860206457343755
"608",2018-08-30,"Steep",0.490836155060924
"609",2018-08-31,"Herbert",49.176140857233
"610",2018-08-31,"Montana",4.71300356655
"611",2018-08-31,"Peterson",0.900788853814821
"612",2018-08-31,"Steep",1.16228055660673
"613",2018-09-01,"Herbert",58.573313068959
"614",2018-09-01,"Montana",6.68581995367
"615",2018-09-01,"Peterson",0.941430885311826
"616",2018-09-01,"Steep",0.725905414678401
"617",2018-09-02,"Herbert",52.909264064631
"618",2018-09-02,"Montana",6.39716945964
"619",2018-09-02,"Peterson",0.659348746710485
"620",2018-09-02,"Steep",0.438618171562117
"621",2018-09-03,"Herbert",29.995611274395
"622",2018-09-03,"Montana",4.67825433332
"623",2018-09-03,"Peterson",0.432984337566645
"624",2018-09-03,"Steep",0.311021654498445
"625",2018-09-04,"Herbert",27.549771931617
"626",2018-09-04,"Montana",3.82096586328
"627",2018-09-04,"Peterson",0.263728508534257
"628",2018-09-04,"Steep",0.252503970695462
"629",2018-09-05,"Herbert",25.361389361763
"630",2018-09-05,"Montana",3.32992920973
"631",2018-09-05,"Peterson",0.169279851361795
"632",2018-09-05,"Steep",0.211557580404836
"633",2018-09-06,"Herbert",25.232660975301
"634",2018-09-06,"Montana",3.09079988388
"635",2018-09-06,"Peterson",0.130085477355128
"636",2018-09-06,"Steep",0.184345704897448
"637",2018-09-07,"Herbert",26.777401612845
"638",2018-09-07,"Montana",3.03464342978
"639",2018-09-07,"Peterson",0.121757660920044
"640",2018-09-07,"Steep",0.201829017621464
"641",2018-09-08,"Herbert",26.906129999307
"642",2018-09-08,"Montana",2.708220188818
"643",2018-09-08,"Peterson",0.127302104014251
"644",2018-09-08,"Steep",0.173494970615972
"645",2018-09-09,"Herbert",29.866882887933
"646",2018-09-09,"Montana",2.748009403574
"647",2018-09-09,"Peterson",0.119939774361788
"648",2018-09-09,"Steep",0.148389413693611
"649",2018-09-10,"Herbert",34.114919641179
"650",2018-09-10,"Montana",2.774618634224
"651",2018-09-10,"Peterson",0.108493238618465
"652",2018-09-10,"Steep",0.13456020522592
"653",2018-09-11,"Herbert",31.411623525477
"654",2018-09-11,"Montana",2.682510627903
"655",2018-09-11,"Peterson",0.0912585971293352
"656",2018-09-11,"Steep",0.12110365993021
"657",2018-09-12,"Herbert",31.669080298401
"658",2018-09-12,"Montana",2.416539615486
"659",2018-09-12,"Peterson",0.0834933910122283
"660",2018-09-12,"Steep",0.111392960459949
"661",2018-09-13,"Herbert",33.728734481793
"662",2018-09-13,"Montana",2.254467356684
"663",2018-09-13,"Peterson",0.0755449079543198
"664",2018-09-13,"Steep",0.106203512188342
"665",2018-09-14,"Herbert",19.053698425125
"666",2018-09-14,"Montana",2.12323525664
"667",2018-09-14,"Peterson",0.0648628617960793
"668",2018-09-14,"Steep",0.0997595341489031
"669",2018-09-15,"Herbert",16.092945536499
"670",2018-09-15,"Montana",2.187251468891
"671",2018-09-15,"Peterson",0.0609574828606856
"672",2018-09-15,"Steep",0.092874039817717
"673",2018-09-16,"Herbert",13.3639037435046
"674",2018-09-16,"Montana",2.141744411482
"675",2018-09-16,"Peterson",0.0573651209640974
"676",2018-09-16,"Steep",0.0878861529709428
"677",2018-09-17,"Herbert",10.8923187234342
"678",2018-09-17,"Montana",2.031315700019
"679",2018-09-17,"Peterson",0.0529869432751553
"680",2018-09-17,"Steep",0.0844061774955944
"681",2018-09-18,"Herbert",10.2100582751856
"682",2018-09-18,"Montana",2.068459999039
"683",2018-09-18,"Peterson",0.0487378276311386
"684",2018-09-18,"Steep",0.0804964468723923
"685",2018-09-19,"Herbert",10.3774051775862
"686",2018-09-19,"Montana",2.084633230563
"687",2018-09-19,"Peterson",0.0465128441602413
"688",2018-09-19,"Steep",0.0765788305799183
"689",2018-09-20,"Herbert",10.943810078019
"690",2018-09-20,"Montana",1.933806820667
"691",2018-09-20,"Peterson",0.0448252779187505
"692",2018-09-20,"Steep",0.0759459598344257
"693",2018-09-21,"Herbert",11.5745791716828
"694",2018-09-21,"Montana",1.936407446337
"695",2018-09-21,"Peterson",0.0438004711070121
"696",2018-09-21,"Steep",0.076319306475422
"697",2018-09-22,"Herbert",11.6389433649138
"698",2018-09-22,"Montana",1.918394728114
"699",2018-09-22,"Peterson",0.0410725987512301
"700",2018-09-22,"Steep",0.0786086252073094
"701",2018-09-23,"Herbert",14.676933285417
"702",2018-09-23,"Montana",1.885441218463
"703",2018-09-23,"Peterson",0.0963633549319984
"704",2018-09-23,"Steep",0.353689891336697
"705",2018-09-24,"Herbert",17.508957787581
"706",2018-09-24,"Montana",2.769323103981
"707",2018-09-24,"Peterson",0.251424382565571
"708",2018-09-24,"Steep",0.126063948289205
"709",2018-09-25,"Herbert",25.103932588839
"710",2018-09-25,"Montana",2.734135830333
"711",2018-09-25,"Peterson",1.15112414556059
"712",2018-09-25,"Steep",0.578489076820688
"713",2018-09-26,"Herbert",53.552905996941
"714",2018-09-26,"Montana",2.88265074632
"715",2018-09-26,"Peterson",5.98876659278363
"716",2018-09-26,"Steep",0.577558933248367
"717",2018-09-27,"Herbert",53.810362769865
"718",2018-09-27,"Montana",9.68421585766
"719",2018-09-27,"Peterson",1.34162410731766
"720",2018-09-27,"Steep",0.188681273584286
"721",2018-09-28,"Herbert",36.560758983957
"722",2018-09-28,"Montana",3.93818431612
"723",2018-09-28,"Peterson",0.567965661849142
"724",2018-09-28,"Steep",0.151314980736471
"725",2018-09-29,"Herbert",30.124339660857
"726",2018-09-29,"Montana",2.764268590688
"727",2018-09-29,"Peterson",0.352863038234582
"728",2018-09-29,"Steep",0.127221489616703
"729",2018-09-30,"Herbert",38.491684780887
"730",2018-09-30,"Montana",2.26101731301
"731",2018-09-30,"Peterson",0.231940925464397
"732",2018-09-30,"Steep",0.115179616221691
"733",2018-10-01,"Herbert",26.648673226383
"734",2018-10-01,"Montana",1.902600419157
"735",2018-10-01,"Peterson",0.161953362800206
"736",2018-10-01,"Steep",0.12794663158754
"737",2018-10-02,"Herbert",15.191846831265
"738",2018-10-02,"Montana",1.76470918167
"739",2018-10-02,"Peterson",0.125414378705174
"740",2018-10-02,"Steep",0.122880262112615
"741",2018-10-03,"Herbert",11.716180396791
"742",2018-10-03,"Montana",1.633811174729
"743",2018-10-03,"Peterson",0.0991768552730662
"744",2018-10-03,"Steep",0.119322560646054
"745",2018-10-04,"Herbert",9.5664163428756
"746",2018-10-04,"Montana",1.504843623705
"747",2018-10-04,"Peterson",0.0863026681191109
"748",2018-10-04,"Steep",0.117034020133531
"749",2018-10-05,"Herbert",8.9871386037966
"750",2018-10-05,"Montana",1.606244472726
"751",2018-10-05,"Peterson",0.328195997433886
"752",2018-10-05,"Steep",0.122485490204829
"753",2018-10-06,"Herbert",9.3861966018288
"754",2018-10-06,"Montana",2.002028222742
"755",2018-10-06,"Peterson",0.835490717402166
"756",2018-10-06,"Steep",0.352726408483047
"757",2018-10-07,"Herbert",10.0298385341388
"758",2018-10-07,"Montana",2.617990943087
"759",2018-10-07,"Peterson",0.677950993125084
"760",2018-10-07,"Steep",0.315804226579283
"761",2018-10-08,"Herbert",12.6301519406712
"762",2018-10-08,"Montana",2.776712719043
"763",2018-10-08,"Peterson",2.3907460390098
"764",2018-10-08,"Steep",0.179324138332485
"765",2018-10-09,"Herbert",13.4797592913204
"766",2018-10-09,"Montana",3.87883805865
"767",2018-10-09,"Peterson",1.10117377139297
"768",2018-10-09,"Steep",0.44797192662546
"769",2018-10-10,"Herbert",13.518377807259
"770",2018-10-10,"Montana",3.06890958201
"771",2018-10-10,"Peterson",0.529806707784227
"772",2018-10-10,"Steep",0.190506046634197
"773",2018-10-11,"Herbert",16.994044241733
"774",2018-10-11,"Montana",2.088439221719
"775",2018-10-11,"Peterson",1.61691669411873
"776",2018-10-11,"Steep",0.235177395869521
"777",2018-10-12,"Herbert",17.122772628195
"778",2018-10-12,"Montana",3.41459972503
"779",2018-10-12,"Peterson",1.02434689463533
"780",2018-10-12,"Steep",0.447930762110872
"781",2018-10-13,"Herbert",17.251501014657
"782",2018-10-13,"Montana",3.36957803894
"783",2018-10-13,"Peterson",3.73800537550851
"784",2018-10-13,"Steep",0.230429238961509
"785",2018-10-14,"Herbert",33.600006095331
"786",2018-10-14,"Montana",2.89826399216
"787",2018-10-14,"Peterson",16.4383171270782
"788",2018-10-14,"Steep",0.711728919820701
"789",2018-10-15,"Herbert",71.188694942235
"790",2018-10-15,"Montana",14.38156721776
"791",2018-10-15,"Peterson",17.3001702856675
"792",2018-10-15,"Steep",1.17413331431994
"793",2018-10-16,"Herbert",58.959498228345
"794",2018-10-16,"Montana",27.23129041149
"795",2018-10-16,"Peterson",3.02106074153395
"796",2018-10-16,"Steep",1.24673559863955
"797",2018-10-17,"Herbert",58.058399523111
"798",2018-10-17,"Montana",6.92506659717
"799",2018-10-17,"Peterson",7.49718722627415
"800",2018-10-17,"Steep",0.778706810311971
"801",2018-10-18,"Herbert",44.799375717525
"802",2018-10-18,"Montana",12.28026166225
"803",2018-10-18,"Peterson",1.78478912172054
"804",2018-10-18,"Steep",0.923716486987878
"805",2018-10-19,"Herbert",54.711461475099
"806",2018-10-19,"Montana",6.03015268283
"807",2018-10-19,"Peterson",6.60977716910564
"808",2018-10-19,"Steep",0.557038007046821
"809",2018-10-20,"Herbert",70.158867850539
"810",2018-10-20,"Montana",6.06847104131
"811",2018-10-20,"Peterson",3.14628117244274
"812",2018-10-20,"Steep",0.882853900058824
"813",2018-10-21,"Herbert",43.254635079981
"814",2018-10-21,"Montana",8.11363590299
"815",2018-10-21,"Peterson",1.4401525149518
"816",2018-10-21,"Steep",0.591291398239333
"817",2018-10-22,"Herbert",28.965784182699
"818",2018-10-22,"Montana",6.04005167474
"819",2018-10-22,"Peterson",2.91049397633771
"820",2018-10-22,"Steep",0.444989505516284
"821",2018-10-23,"Herbert",32.312722230711
"822",2018-10-23,"Montana",5.1544308295
"823",2018-10-23,"Peterson",3.35603324375497
"824",2018-10-23,"Steep",0.641000964147356
"825",2018-10-24,"Herbert",37.075672529805
"826",2018-10-24,"Montana",7.33359346023
"827",2018-10-24,"Peterson",1.24764623994117
"828",2018-10-24,"Steep",0.517805220765954
"829",2018-10-25,"Herbert",34.114919641179
"830",2018-10-25,"Montana",4.45610589609
"831",2018-10-25,"Peterson",0.986192321992831
"832",2018-10-25,"Steep",0.396974339187396
"833",2018-10-26,"Herbert",26.519944839921
"834",2018-10-26,"Montana",3.67473000544
"835",2018-10-26,"Peterson",1.85691173946597
"836",2018-10-26,"Steep",0.408498944159451
"837",2018-10-27,"Herbert",25.103932588839
"838",2018-10-27,"Montana",3.95845875874
"839",2018-10-27,"Peterson",1.51206098858821
"840",2018-10-27,"Steep",0.423508907075677
"841",2018-10-28,"Herbert",23.430463564833
"842",2018-10-28,"Montana",3.64382433388
"843",2018-10-28,"Peterson",0.883854142324774
"844",2018-10-28,"Steep",0.387205705806989
"845",2018-10-29,"Herbert",12.9519729068262
"846",2018-10-29,"Montana",2.733839755167
"847",2018-10-29,"Peterson",0.637490472702831
"848",2018-10-29,"Steep",0.289510856582242
"849",2018-10-30,"Herbert",11.1626483350044
"850",2018-10-30,"Montana",2.418463849648
"851",2018-10-30,"Peterson",0.940916059145175
"852",2018-10-30,"Steep",0.250481390242291
"853",2018-10-31,"Herbert",10.5962434345716
"854",2018-10-31,"Montana",2.824423152475
"855",2018-10-31,"Peterson",0.99202057512965
"856",2018-10-31,"Steep",0.315002407321395
"857",2018-11-01,"Herbert",9.4376879564136
"858",2018-11-01,"Montana",2.90656704236
"859",2018-11-01,"Peterson",0.690586755292604
"860",2018-11-01,"Steep",0.249107392986161
"861",2018-11-02,"Herbert",8.047421382624
"862",2018-11-02,"Montana",2.055963639072
"863",2018-11-02,"Peterson",NA
"864",2018-11-02,"Steep",0.210695763136976
"865",2018-11-03,"Herbert",7.017594290928
"866",2018-11-03,"Montana",1.868384296799
"867",2018-11-03,"Peterson",NA
"868",2018-11-03,"Steep",0.19414697842072
"869",2018-11-04,"Herbert",6.3353338426794
"870",2018-11-04,"Montana",1.724119919122
"871",2018-11-04,"Peterson",NA
"872",2018-11-04,"Steep",0.185921830891984
"873",2018-11-05,"Herbert",5.7689289422466
"874",2018-11-05,"Montana",1.646159149872
"875",2018-11-05,"Peterson",NA
"876",2018-11-05,"Steep",0.176652848061266
"877",2018-11-06,"Herbert",5.279761073691
"878",2018-11-06,"Montana",1.577356771154
"879",2018-11-06,"Peterson",NA
"880",2018-11-06,"Steep",0.159679419512117
"881",2018-11-07,"Herbert",4.8678302370126
"882",2018-11-07,"Montana",1.326591665697
"883",2018-11-07,"Peterson",NA
"884",2018-11-07,"Steep",0.140281488987295
"885",2018-11-08,"Herbert",4.700483334612
"886",2018-11-08,"Montana",1.145437544953
"887",2018-11-08,"Peterson",NA
"888",2018-11-08,"Steep",0.137422026738381
"889",2018-11-09,"Herbert",5.1896512031676
"890",2018-11-09,"Montana",1.52147195234
"891",2018-11-09,"Peterson",NA
"892",2018-11-09,"Steep",0.237838739167526
"893",2018-11-10,"Herbert",5.5243450079688
"894",2018-11-10,"Montana",4.46732717154
"895",2018-11-10,"Peterson",NA
"896",2018-11-10,"Steep",0.317809245829688
"897",2018-11-11,"Herbert",6.2709696494484
"898",2018-11-11,"Montana",2.91302352888
"899",2018-11-11,"Peterson",NA
"900",2018-11-11,"Steep",0.263160227132643
"901",2018-11-12,"Herbert",7.14632267739
"902",2018-11-12,"Montana",3.72152085471
"903",2018-11-12,"Peterson",NA
"904",2018-11-12,"Steep",0.476453262280989
"905",2018-11-13,"Herbert",7.5839991913608
"906",2018-11-13,"Montana",4.15779714976
"907",2018-11-13,"Peterson",NA
"908",2018-11-13,"Steep",0.290863962325448
"909",2018-11-14,"Herbert",9.1287398289048
"910",2018-11-14,"Montana",2.82750999903
"911",2018-11-14,"Peterson",NA
"912",2018-11-14,"Steep",0.434039163446147
"913",2018-11-15,"Herbert",8.8970287332732
"914",2018-11-15,"Montana",5.10430788163
"915",2018-11-15,"Peterson",NA
"916",2018-11-15,"Steep",0.578904932624121
"917",2018-11-16,"Herbert",8.304878155548
"918",2018-11-16,"Montana",3.38168946825
"919",2018-11-16,"Peterson",NA
"920",2018-11-16,"Steep",0.333491249668425
"921",2018-11-17,"Herbert",9.656526213399
"922",2018-11-17,"Montana",2.25081398856
"923",2018-11-17,"Peterson",NA
"924",2018-11-17,"Steep",0.241523240278445
"925",2018-11-18,"Herbert",12.874735874949
"926",2018-11-18,"Montana",1.963876751626
"927",2018-11-18,"Peterson",NA
"928",2018-11-18,"Steep",0.939104278061085
"929",2018-11-19,"Herbert",14.548204898955
"930",2018-11-19,"Montana",NA
"931",2018-11-19,"Peterson",NA
"932",2018-11-19,"Steep",0.882473598747916
"933",2018-11-20,"Herbert",15.191846831265
"934",2018-11-20,"Montana",4.3570893099
"935",2018-11-20,"Peterson",NA
"936",2018-11-20,"Steep",0.638689753921694
"937",2018-11-21,"Herbert",16.092945536499
"938",2018-11-21,"Montana",5.58025836835
"939",2018-11-21,"Peterson",NA
"940",2018-11-21,"Steep",0.664082293623117
"941",2018-11-22,"Herbert",15.191846831265
"942",2018-11-22,"Montana",4.73149302063
"943",2018-11-22,"Peterson",NA
"944",2018-11-22,"Steep",0.475059865185393
"945",2018-11-23,"Herbert",12.5142963928554
"946",2018-11-23,"Montana",2.83524055155
"947",2018-11-23,"Peterson",NA
"948",2018-11-23,"Steep",0.367104831476178
"949",2018-11-24,"Herbert",10.2872953070628
"950",2018-11-24,"Montana",2.173119431184
"951",2018-11-24,"Peterson",NA
"952",2018-11-24,"Steep",0.301277910980725
"953",2018-11-25,"Herbert",9.0515027970276
"954",2018-11-25,"Montana",1.746534474247
"955",2018-11-25,"Peterson",NA
"956",2018-11-25,"Steep",0.262375824368918
"957",2018-11-26,"Herbert",9.0901213129662
"958",2018-11-26,"Montana",1.756326143501
"959",2018-11-26,"Peterson",NA
"960",2018-11-26,"Steep",0.277154300698938
"961",2018-11-27,"Herbert",9.9912200182002
"962",2018-11-27,"Montana",1.922815514696
"963",2018-11-27,"Peterson",NA
"964",2018-11-27,"Steep",0.27955882541566
"965",2018-11-28,"Herbert",10.4417693708172
"966",2018-11-28,"Montana",2.006676591415
"967",2018-11-28,"Peterson",NA
"968",2018-11-28,"Steep",0.23157218064044
"969",2018-11-29,"Herbert",11.5488334943904
"970",2018-11-29,"Montana",NA
"971",2018-11-29,"Peterson",NA
"972",2018-11-29,"Steep",0.205933481809211
"973",2018-11-30,"Herbert",12.5142963928554
"974",2018-11-30,"Montana",NA
"975",2018-11-30,"Peterson",NA
"976",2018-11-30,"Steep",0.200343828970934
"977",2018-12-01,"Herbert",12.0251285242998
"978",2018-12-01,"Montana",NA
"979",2018-12-01,"Peterson",NA
"980",2018-12-01,"Steep",0.180873928805666
"981",2018-12-02,"Herbert",9.8110002771534
"982",2018-12-02,"Montana",NA
"983",2018-12-02,"Peterson",NA
"984",2018-12-02,"Steep",0.149553326015485
"985",2018-12-03,"Herbert",7.0047214522818
"986",2018-12-03,"Montana",NA
"987",2018-12-03,"Peterson",NA
"988",2018-12-03,"Steep",0.135579388095117
"989",2018-12-04,"Herbert",5.7431832649542
"990",2018-12-04,"Montana",NA
"991",2018-12-04,"Peterson",NA
"992",2018-12-04,"Steep",0.134188188212661
"993",2018-12-05,"Herbert",5.0609228167056
"994",2018-12-05,"Montana",NA
"995",2018-12-05,"Peterson",NA
"996",2018-12-05,"Steep",0.14359745508037
"997",2018-12-06,"Herbert",4.636119141381
"998",2018-12-06,"Montana",NA
"999",2018-12-06,"Peterson",NA
"1000",2018-12-06,"Steep",0.137449076849257
"1001",2018-12-07,"Herbert",4.3400438525184
"1002",2018-12-07,"Montana",NA
"1003",2018-12-07,"Peterson",NA
"1004",2018-12-07,"Steep",0.131840145685511
"1005",2018-12-08,"Herbert",4.121205595533
"1006",2018-12-08,"Montana",NA
"1007",2018-12-08,"Peterson",NA
"1008",2018-12-08,"Steep",0.120594189457829
"1009",2018-12-09,"Herbert",4.3529166911646
"1010",2018-12-09,"Montana",NA
"1011",2018-12-09,"Peterson",NA
"1012",2018-12-09,"Steep",0.136068978959884
"1013",2018-12-10,"Herbert",4.8678302370126
"1014",2018-12-10,"Montana",NA
"1015",2018-12-10,"Peterson",NA
"1016",2018-12-10,"Steep",0.288019361926389
"1017",2018-12-11,"Herbert",5.4985993306764
"1018",2018-12-11,"Montana",NA
"1019",2018-12-11,"Peterson",NA
"1020",2018-12-11,"Steep",0.227697940198906
"1021",2018-12-12,"Herbert",5.537217846615
"1022",2018-12-12,"Montana",NA
"1023",2018-12-12,"Peterson",NA
"1024",2018-12-12,"Steep",0.284983188352674
"1025",2018-12-13,"Herbert",5.1767783645214
"1026",2018-12-13,"Montana",NA
"1027",2018-12-13,"Peterson",NA
"1028",2018-12-13,"Steep",0.179509891609803
"1029",2018-12-14,"Herbert",4.8163388824278
"1030",2018-12-14,"Montana",NA
"1031",2018-12-14,"Peterson",NA
"1032",2018-12-14,"Steep",0.149942617963672
"1033",2018-12-15,"Herbert",4.4945179162728
"1034",2018-12-15,"Montana",NA
"1035",2018-12-15,"Peterson",NA
"1036",2018-12-15,"Steep",0.115734512673403
"1037",2018-12-16,"Herbert",4.2628068206412
"1038",2018-12-16,"Montana",NA
"1039",2018-12-16,"Peterson",NA
"1040",2018-12-16,"Steep",0.106542926464362
"1041",2018-12-17,"Herbert",4.1984426274102
"1042",2018-12-17,"Montana",NA
"1043",2018-12-17,"Peterson",NA
"1044",2018-12-17,"Steep",0.130736543444399
"1045",2018-12-18,"Herbert",4.1598241114716
"1046",2018-12-18,"Montana",NA
"1047",2018-12-18,"Peterson",NA
"1048",2018-12-18,"Steep",0.206877658492738
"1049",2018-12-19,"Herbert",4.249933981995
"1050",2018-12-19,"Montana",NA
"1051",2018-12-19,"Peterson",NA
"1052",2018-12-19,"Steep",0.165125049936293
"1053",2018-12-20,"Herbert",4.2628068206412
"1054",2018-12-20,"Montana",NA
"1055",2018-12-20,"Peterson",NA
"1056",2018-12-20,"Steep",0.180745172833628
"1057",2018-12-21,"Herbert",4.0697142409482
"1058",2018-12-21,"Montana",NA
"1059",2018-12-21,"Peterson",NA
"1060",2018-12-21,"Steep",0.128937895084558
"1061",2018-12-22,"Herbert",3.8508759839628
"1062",2018-12-22,"Montana",NA
"1063",2018-12-22,"Peterson",NA
"1064",2018-12-22,"Steep",0.117574063718603
"1065",2018-12-23,"Herbert",3.670656242916
"1066",2018-12-23,"Montana",NA
"1067",2018-12-23,"Peterson",NA
"1068",2018-12-23,"Steep",0.103525402047776
"1069",2018-12-24,"Herbert",3.5548006951002
"1070",2018-12-24,"Montana",NA
"1071",2018-12-24,"Peterson",NA
"1072",2018-12-24,"Steep",0.100287620413249
"1073",2018-12-25,"Herbert",3.4389451472844
"1074",2018-12-25,"Montana",NA
"1075",2018-12-25,"Peterson",NA
"1076",2018-12-25,"Steep",0.0965674968112572
"1077",2018-12-26,"Herbert",3.3102167608224
"1078",2018-12-26,"Montana",NA
"1079",2018-12-26,"Peterson",NA
"1080",2018-12-26,"Steep",0.094103214547388
"1081",2018-12-27,"Herbert",3.2458525675914
"1082",2018-12-27,"Montana",NA
"1083",2018-12-27,"Peterson",NA
"1084",2018-12-27,"Steep",0.0904681269709353
"1085",2018-12-28,"Herbert",3.2329797289452
"1086",2018-12-28,"Montana",NA
"1087",2018-12-28,"Peterson",NA
"1088",2018-12-28,"Steep",0.0990184277801072
"1089",2018-12-29,"Herbert",3.1686155357142
"1090",2018-12-29,"Montana",NA
"1091",2018-12-29,"Peterson",NA
"1092",2018-12-29,"Steep",0.101075762122439
"1093",2018-12-30,"Herbert",3.1042513424832
"1094",2018-12-30,"Montana",NA
"1095",2018-12-30,"Peterson",NA
"1096",2018-12-30,"Steep",0.0806590895632445
"1097",2018-12-31,"Herbert",3.1299970197756
"1098",2018-12-31,"Montana",NA
"1099",2018-12-31,"Peterson",NA
"1100",2018-12-31,"Steep",0.0877653894094388
"1101",2019-01-01,"Herbert",3.9409858544862
"1102",2019-01-01,"Montana",NA
"1103",2019-01-01,"Peterson",NA
"1104",2019-01-01,"Steep",0.0973711733175498
"1105",2019-01-02,"Herbert",5.4471079760916
"1106",2019-01-02,"Montana",NA
"1107",2019-01-02,"Peterson",NA
"1108",2019-01-02,"Steep",0.932265600096027
"1109",2019-01-03,"Herbert",5.2411425577524
"1110",2019-01-03,"Montana",NA
"1111",2019-01-03,"Peterson",NA
"1112",2019-01-03,"Steep",0.337002595511029
"1113",2019-01-04,"Herbert",4.6747376573196
"1114",2019-01-04,"Montana",NA
"1115",2019-01-04,"Peterson",NA
"1116",2019-01-04,"Steep",0.178368584504523
"1117",2019-01-05,"Herbert",4.2113154660564
"1118",2019-01-05,"Montana",NA
"1119",2019-01-05,"Peterson",NA
"1120",2019-01-05,"Steep",0.120566738638203
"1121",2019-01-06,"Herbert",3.9023673385476
"1122",2019-01-06,"Montana",NA
"1123",2019-01-06,"Peterson",NA
"1124",2019-01-06,"Steep",0.0909047163254195
"1125",2019-01-07,"Herbert",3.6835290815622
"1126",2019-01-07,"Montana",NA
"1127",2019-01-07,"Peterson",NA
"1128",2019-01-07,"Steep",0.0883804921788215
"1129",2019-01-08,"Herbert",3.5676735337464
"1130",2019-01-08,"Montana",NA
"1131",2019-01-08,"Peterson",NA
"1132",2019-01-08,"Steep",0.0858452826791284
"1133",2019-01-09,"Herbert",3.4518179859306
"1134",2019-01-09,"Montana",NA
"1135",2019-01-09,"Peterson",NA
"1136",2019-01-09,"Steep",0.0841691907270287
"1137",2019-01-10,"Herbert",3.413199469992
"1138",2019-01-10,"Montana",NA
"1139",2019-01-10,"Peterson",NA
"1140",2019-01-10,"Steep",0.0836175579431345
"1141",2019-01-11,"Herbert",3.4904365018692
"1142",2019-01-11,"Montana",NA
"1143",2019-01-11,"Peterson",NA
"1144",2019-01-11,"Steep",0.0837625448247351
"1145",2019-01-12,"Herbert",3.4260723086382
"1146",2019-01-12,"Montana",NA
"1147",2019-01-12,"Peterson",NA
"1148",2019-01-12,"Steep",0.0852310966160685
"1149",2019-01-13,"Herbert",3.541927856454
"1150",2019-01-13,"Montana",NA
"1151",2019-01-13,"Peterson",NA
"1152",2019-01-13,"Steep",0.0894957519658065
"1153",2019-01-14,"Herbert",4.2885524979336
"1154",2019-01-14,"Montana",NA
"1155",2019-01-14,"Peterson",NA
"1156",2019-01-14,"Steep",0.094552015911874
"1157",2019-01-15,"Herbert",4.4945179162728
"1158",2019-01-15,"Montana",NA
"1159",2019-01-15,"Peterson",NA
"1160",2019-01-15,"Steep",0.0984405879217944
"1161",2019-01-16,"Herbert",4.3014253365798
"1162",2019-01-16,"Montana",NA
"1163",2019-01-16,"Peterson",NA
"1164",2019-01-16,"Steep",0.102986673678496
"1165",2019-01-17,"Herbert",4.0954599182406
"1166",2019-01-17,"Montana",NA
"1167",2019-01-17,"Peterson",NA
"1168",2019-01-17,"Steep",0.107530675073006
"1169",2019-01-18,"Herbert",3.9023673385476
"1170",2019-01-18,"Montana",NA
"1171",2019-01-18,"Peterson",NA
"1172",2019-01-18,"Steep",0.110775239490256
"1173",2019-01-19,"Herbert",3.735020436147
"1174",2019-01-19,"Montana",NA
"1175",2019-01-19,"Peterson",NA
"1176",2019-01-19,"Steep",0.111556440416224
"1177",2019-01-20,"Herbert",3.606292049685
"1178",2019-01-20,"Montana",NA
"1179",2019-01-20,"Peterson",NA
"1180",2019-01-20,"Steep",0.111450388884314
"1181",2019-01-21,"Herbert",3.5290550178078
"1182",2019-01-21,"Montana",NA
"1183",2019-01-21,"Peterson",NA
"1184",2019-01-21,"Steep",0.11189226154269
"1185",2019-01-22,"Herbert",3.4003266313458
"1186",2019-01-22,"Montana",NA
"1187",2019-01-22,"Peterson",NA
"1188",2019-01-22,"Steep",0.107904121155453
"1189",2019-01-23,"Herbert",3.3102167608224
"1190",2019-01-23,"Montana",NA
"1191",2019-01-23,"Peterson",NA
"1192",2019-01-23,"Steep",0.0919831347493628
"1193",2019-01-24,"Herbert",3.2329797289452
"1194",2019-01-24,"Montana",NA
"1195",2019-01-24,"Peterson",NA
"1196",2019-01-24,"Steep",0.0843307079926858
"1197",2019-01-25,"Herbert",3.4003266313458
"1198",2019-01-25,"Montana",NA
"1199",2019-01-25,"Peterson",NA
"1200",2019-01-25,"Steep",0.104829195461528
"1201",2019-01-26,"Herbert",4.893575914305
"1202",2019-01-26,"Montana",NA
"1203",2019-01-26,"Peterson",NA
"1204",2019-01-26,"Steep",0.266500050093243
"1205",2019-01-27,"Herbert",5.7431832649542
"1206",2019-01-27,"Montana",NA
"1207",2019-01-27,"Peterson",NA
"1208",2019-01-27,"Steep",0.970548081263173
"1209",2019-01-28,"Herbert",5.2668882350448
"1210",2019-01-28,"Montana",NA
"1211",2019-01-28,"Peterson",NA
"1212",2019-01-28,"Steep",0.362369570545404
"1213",2019-01-29,"Herbert",4.9708129461822
"1214",2019-01-29,"Montana",NA
"1215",2019-01-29,"Peterson",NA
"1216",2019-01-29,"Steep",0.239360364861425
"1217",2019-01-30,"Herbert",5.2926339123372
"1218",2019-01-30,"Montana",NA
"1219",2019-01-30,"Peterson",NA
"1220",2019-01-30,"Steep",0.228702891997764
"1221",2019-01-31,"Herbert",5.5629635239074
"1222",2019-01-31,"Montana",NA
"1223",2019-01-31,"Peterson",NA
"1224",2019-01-31,"Steep",0.280690795933727
"1225",2019-02-01,"Herbert",5.1767783645214
"1226",2019-02-01,"Montana",NA
"1227",2019-02-01,"Peterson",NA
"1228",2019-02-01,"Steep",0.268562395518067
"1229",2019-02-02,"Herbert",4.6876104959658
"1230",2019-02-02,"Montana",NA
"1231",2019-02-02,"Peterson",NA
"1232",2019-02-02,"Steep",0.168226240591347
"1233",2019-02-03,"Herbert",4.3271710138722
"1234",2019-02-03,"Montana",NA
"1235",2019-02-03,"Peterson",NA
"1236",2019-02-03,"Steep",0.141929532560766
"1237",2019-02-04,"Herbert",4.056841402302
"1238",2019-02-04,"Montana",NA
"1239",2019-02-04,"Peterson",NA
"1240",2019-02-04,"Steep",0.129683101359079
"1241",2019-02-05,"Herbert",3.7865117907318
"1242",2019-02-05,"Montana",NA
"1243",2019-02-05,"Peterson",NA
"1244",2019-02-05,"Steep",0.122330586693481
"1245",2019-02-06,"Herbert",3.6964019202084
"1246",2019-02-06,"Montana",NA
"1247",2019-02-06,"Peterson",NA
"1248",2019-02-06,"Steep",0.139005824039262
"1249",2019-02-07,"Herbert",3.5161821791616
"1250",2019-02-07,"Montana",NA
"1251",2019-02-07,"Peterson",NA
"1252",2019-02-07,"Steep",0.162412903523953
"1253",2019-02-08,"Herbert",3.2973439221762
"1254",2019-02-08,"Montana",NA
"1255",2019-02-08,"Peterson",NA
"1256",2019-02-08,"Steep",0.144912535127284
"1257",2019-02-09,"Herbert",3.1299970197756
"1258",2019-02-09,"Montana",NA
"1259",2019-02-09,"Peterson",NA
"1260",2019-02-09,"Steep",0.127487839201736
"1261",2019-02-10,"Herbert",2.99354493012588
"1262",2019-02-10,"Montana",NA
"1263",2019-02-10,"Peterson",NA
"1264",2019-02-10,"Steep",0.100198930842039
"1265",2019-02-11,"Herbert",2.88155123390394
"1266",2019-02-11,"Montana",NA
"1267",2019-02-11,"Peterson",NA
"1268",2019-02-11,"Steep",0.0805672904208597
"1269",2019-02-12,"Herbert",2.78757951178668
"1270",2019-02-12,"Montana",NA
"1271",2019-02-12,"Peterson",NA
"1272",2019-02-12,"Steep",0.0715971511354714
"1273",2019-02-13,"Herbert",2.72321531855568
"1274",2019-02-13,"Montana",NA
"1275",2019-02-13,"Peterson",NA
"1276",2019-02-13,"Steep",0.0739354762108426
"1277",2019-02-14,"Herbert",2.66400026078316
"1278",2019-02-14,"Montana",NA
"1279",2019-02-14,"Peterson",NA
"1280",2019-02-14,"Steep",0.0822878211893308
"1281",2019-02-15,"Herbert",2.61122162233374
"1282",2019-02-15,"Montana",NA
"1283",2019-02-15,"Peterson",NA
"1284",2019-02-15,"Steep",0.0774584003115208
"1285",2019-02-16,"Herbert",2.55458113229046
"1286",2019-02-16,"Montana",NA
"1287",2019-02-16,"Peterson",NA
"1288",2019-02-16,"Steep",0.0710936094291266
"1289",2019-02-17,"Herbert",2.512100764758
"1290",2019-02-17,"Montana",NA
"1291",2019-02-17,"Peterson",NA
"1292",2019-02-17,"Steep",0.05501807898417
"1293",2019-02-18,"Herbert",2.51467533248724
"1294",2019-02-18,"Montana",NA
"1295",2019-02-18,"Peterson",NA
"1296",2019-02-18,"Steep",0.0550607150683299
"1297",2019-02-19,"Herbert",2.5507192806966
"1298",2019-02-19,"Montana",NA
"1299",2019-02-19,"Peterson",NA
"1300",2019-02-19,"Steep",0.0657491434345141
"1301",2019-02-20,"Herbert",2.51724990021648
"1302",2019-02-20,"Montana",NA
"1303",2019-02-20,"Peterson",NA
"1304",2019-02-20,"Steep",0.0698102159302274
"1305",2019-02-21,"Herbert",2.50823891316414
"1306",2019-02-21,"Montana",NA
"1307",2019-02-21,"Peterson",NA
"1308",2019-02-21,"Steep",0.0649366875962476
"1309",2019-02-22,"Herbert",2.50180249384104
"1310",2019-02-22,"Montana",NA
"1311",2019-02-22,"Peterson",NA
"1312",2019-02-22,"Steep",0.0681320147674908
"1313",2019-02-23,"Herbert",2.4541729908501
"1314",2019-02-23,"Montana",NA
"1315",2019-02-23,"Peterson",NA
"1316",2019-02-23,"Steep",0.0639346268079067
"1317",2019-02-24,"Herbert",2.4091180555884
"1318",2019-02-24,"Montana",NA
"1319",2019-02-24,"Peterson",NA
"1320",2019-02-24,"Steep",0.0531011391314777
"1321",2019-02-25,"Herbert",2.3704995396498
"1322",2019-02-25,"Montana",NA
"1323",2019-02-25,"Peterson",NA
"1324",2019-02-25,"Steep",0.0457079124447924
"1325",2019-02-26,"Herbert",2.33960472689892
"1326",2019-02-26,"Montana",NA
"1327",2019-02-26,"Peterson",NA
"1328",2019-02-26,"Steep",0.0434113454919348
"1329",2019-02-27,"Herbert",2.31385904960652
"1330",2019-02-27,"Montana",NA
"1331",2019-02-27,"Peterson",NA
"1332",2019-02-27,"Steep",0.0485211881357356
"1333",2019-02-28,"Herbert",2.29583707550184
"1334",2019-02-28,"Montana",NA
"1335",2019-02-28,"Peterson",NA
"1336",2019-02-28,"Steep",0.0495640338331435
"1337",2019-03-01,"Herbert",2.27910238526178
"1338",2019-03-01,"Montana",NA
"1339",2019-03-01,"Peterson",NA
"1340",2019-03-01,"Steep",0.0506889301193511
"1341",2019-03-02,"Herbert",2.26494226275096
"1342",2019-03-02,"Montana",NA
"1343",2019-03-02,"Peterson",NA
"1344",2019-03-02,"Steep",0.0495752061048704
"1345",2019-03-03,"Herbert",2.25078214024014
"1346",2019-03-03,"Montana",NA
"1347",2019-03-03,"Peterson",NA
"1348",2019-03-03,"Steep",0.0528095905023343
"1349",2019-03-04,"Herbert",2.2353347338647
"1350",2019-03-04,"Montana",NA
"1351",2019-03-04,"Peterson",NA
"1352",2019-03-04,"Steep",0.0438598796809717
"1353",2019-03-05,"Herbert",2.21860004362464
"1354",2019-03-05,"Montana",NA
"1355",2019-03-05,"Peterson",NA
"1356",2019-03-05,"Steep",0.0367649613274112
"1357",2019-03-06,"Herbert",2.20186535338458
"1358",2019-03-06,"Montana",NA
"1359",2019-03-06,"Peterson",NA
"1360",2019-03-06,"Steep",0.0377098911236765
"1361",2019-03-07,"Herbert",2.190279798603
"1362",2019-03-07,"Montana",NA
"1363",2019-03-07,"Peterson",NA
"1364",2019-03-07,"Steep",0.038923044292159
"1365",2019-03-08,"Herbert",2.17998152768604
"1366",2019-03-08,"Montana",NA
"1367",2019-03-08,"Peterson",NA
"1368",2019-03-08,"Steep",0.0381168330525959
"1369",2019-03-09,"Herbert",2.16968325676908
"1370",2019-03-09,"Montana",NA
"1371",2019-03-09,"Peterson",NA
"1372",2019-03-09,"Steep",0.041510969621497
"1373",2019-03-10,"Herbert",2.17998152768604
"1374",2019-03-10,"Montana",1.68146050863548
"1375",2019-03-10,"Peterson",NA
"1376",2019-03-10,"Steep",0.0455011387021103
"1377",2019-03-11,"Herbert",2.21988732748926
"1378",2019-03-11,"Montana",1.66385420992711
"1379",2019-03-11,"Peterson",NA
"1380",2019-03-11,"Steep",0.050291992841501
"1381",2019-03-12,"Herbert",2.23790930159394
"1382",2019-03-12,"Montana",1.7266700042763
"1383",2019-03-12,"Peterson",NA
"1384",2019-03-12,"Steep",0.0506589551233944
"1385",2019-03-13,"Herbert",2.25979312729248
"1386",2019-03-13,"Montana",2.08578077657502
"1387",2019-03-13,"Peterson",NA
"1388",2019-03-13,"Steep",0.0507890893349283
"1389",2019-03-14,"Herbert",2.2803896691264
"1390",2019-03-14,"Montana",2.60290218694149
"1391",2019-03-14,"Peterson",NA
"1392",2019-03-14,"Steep",0.0509305889015576
"1393",2019-03-15,"Herbert",2.2996989270957
"1394",2019-03-15,"Montana",1.87405016158756
"1395",2019-03-15,"Peterson",0.241331577903497
"1396",2019-03-15,"Steep",0.0544313897284269
"1397",2019-03-16,"Herbert",2.35247756554512
"1398",2019-03-16,"Montana",2.18439077492574
"1399",2019-03-16,"Peterson",0.375087332621253
"1400",2019-03-16,"Steep",0.0533552942605922
"1401",2019-03-17,"Herbert",2.49021693905946
"1402",2019-03-17,"Montana",3.07139609283883
"1403",2019-03-17,"Peterson",1.27890668466042
"1404",2019-03-17,"Steep",0.0736565918780763
"1405",2019-03-18,"Herbert",3.6320377269774
"1406",2019-03-18,"Montana",4.43521142600679
"1407",2019-03-18,"Peterson",5.1447652938224
"1408",2019-03-18,"Steep",0.218113780754714
"1409",2019-03-19,"Herbert",5.1639055258752
"1410",2019-03-19,"Montana",17.3677983258085
"1411",2019-03-19,"Peterson",17.0480984427673
"1412",2019-03-19,"Steep",0.858517423806591
"1413",2019-03-20,"Herbert",5.7818017808928
"1414",2019-03-20,"Montana",5.81745338290486
"1415",2019-03-20,"Peterson",3.47842454956969
"1416",2019-03-20,"Steep",0.508065739723606
"1417",2019-03-21,"Herbert",5.8976573287086
"1418",2019-03-21,"Montana",2.66030752287598
"1419",2019-03-21,"Peterson",1.74594001506699
"1420",2019-03-21,"Steep",0.427162101121011
"1421",2019-03-22,"Herbert",6.116495585694
"1422",2019-03-22,"Montana",2.79155008077184
"1423",2019-03-22,"Peterson",1.40560742780865
"1424",2019-03-22,"Steep",0.492185337908333
"1425",2019-03-23,"Herbert",6.2066054562174
"1426",2019-03-23,"Montana",2.77232566699149
"1427",2019-03-23,"Peterson",1.47932863672471
"1428",2019-03-23,"Steep",0.484528808675982
"1429",2019-03-24,"Herbert",6.116495585694
"1430",2019-03-24,"Montana",2.79869302878384
"1431",2019-03-24,"Peterson",1.62142280051159
"1432",2019-03-24,"Steep",0.471552430999684
"1433",2019-03-25,"Herbert",5.9362758446472
"1434",2019-03-25,"Montana",2.21515327952247
"1435",2019-03-25,"Peterson",1.38717861511227
"1436",2019-03-25,"Steep",0.362030144639717
"1437",2019-03-26,"Herbert",5.7818017808928
"1438",2019-03-26,"Montana",1.75577311398523
"1439",2019-03-26,"Peterson",0.909734740186302
"1440",2019-03-26,"Steep",0.263468592066174
"1441",2019-03-27,"Herbert",6.0650042311092
"1442",2019-03-27,"Montana",1.6191396254761
"1443",2019-03-27,"Peterson",0.706373104397975
"1444",2019-03-27,"Steep",0.230199196149468
"1445",2019-03-28,"Herbert",6.5284264223724
"1446",2019-03-28,"Montana",1.59575788220435
"1447",2019-03-28,"Peterson",0.680625197920808
"1448",2019-03-28,"Steep",0.220143200451238
"1449",2019-03-29,"Herbert",6.6700276474806
"1450",2019-03-29,"Montana",1.51037971728317
"1451",2019-03-29,"Peterson",0.674795371628303
"1452",2019-03-29,"Steep",0.202732318122041
"1453",2019-03-30,"Herbert",6.5927906156034
"1454",2019-03-30,"Montana",1.45000977774238
"1455",2019-03-30,"Peterson",0.64797523731791
"1456",2019-03-30,"Steep",0.179453006804311
"1457",2019-03-31,"Herbert",6.5284264223724
"1458",2019-03-31,"Montana",1.40852487340666
"1459",2019-03-31,"Peterson",0.61841234342769
"1460",2019-03-31,"Steep",0.168875690858191
"1461",2019-04-01,"Herbert",6.2709696494484
"1462",2019-04-01,"Montana",1.3313494476557
"1463",2019-04-01,"Peterson",0.59895752342285
"1464",2019-04-01,"Steep",0.166572746682527
"1465",2019-04-02,"Herbert",5.9362758446472
"1466",2019-04-02,"Montana",1.3304781625974
"1467",2019-04-02,"Peterson",0.590172231649447
"1468",2019-04-02,"Steep",0.168943506537663
"1469",2019-04-03,"Herbert",5.6916919103694
"1470",2019-04-03,"Montana",1.38819559725414
"1471",2019-04-03,"Peterson",0.623776788377661
"1472",2019-04-03,"Steep",0.174968835503383
"1473",2019-04-04,"Herbert",5.472853653384
"1474",2019-04-04,"Montana",1.42801832730687
"1475",2019-04-04,"Peterson",0.638363901267731
"1476",2019-04-04,"Steep",0.169251112618262
"1477",2019-04-05,"Herbert",5.1639055258752
"1478",2019-04-05,"Montana",1.36667643651627
"1479",2019-04-05,"Peterson",0.591600237654438
"1480",2019-04-05,"Steep",0.160015017691864
"1481",2019-04-06,"Herbert",4.8420845597202
"1482",2019-04-06,"Montana",1.2749125823578
"1483",2019-04-06,"Peterson",0.561416309536751
"1484",2019-04-06,"Steep",0.144506334920535
"1485",2019-04-07,"Herbert",4.6747376573196
"1486",2019-04-07,"Montana",1.242490886856
"1487",2019-04-07,"Peterson",0.543193167201329
"1488",2019-04-07,"Steep",0.146328506503413
"1489",2019-04-08,"Herbert",4.700483334612
"1490",2019-04-08,"Montana",1.26004343771597
"1491",2019-04-08,"Peterson",0.605708356173172
"1492",2019-04-08,"Steep",0.159463948137256
"1493",2019-04-09,"Herbert",4.6876104959658
"1494",2019-04-09,"Montana",1.33497899729933
"1495",2019-04-09,"Peterson",0.805908387301863
"1496",2019-04-09,"Steep",0.189394667229079
"1497",2019-04-10,"Herbert",4.6489919800272
"1498",2019-04-10,"Montana",1.25566485066151
"1499",2019-04-10,"Peterson",0.992004582590575
"1500",2019-04-10,"Steep",0.158728229365543
"1501",2019-04-11,"Herbert",4.57175494815
"1502",2019-04-11,"Montana",1.36530474091653
"1503",2019-04-11,"Peterson",0.849612654483787
"1504",2019-04-11,"Steep",0.161586214792125
"1505",2019-04-12,"Herbert",4.6489919800272
"1506",2019-04-12,"Montana",1.18794524467248
"1507",2019-04-12,"Peterson",0.81286381833408
"1508",2019-04-12,"Steep",0.139673736300716
"1509",2019-04-13,"Herbert",4.6103734640886
"1510",2019-04-13,"Montana",1.5783941003713
"1511",2019-04-13,"Peterson",0.746490936949521
"1512",2019-04-13,"Steep",0.169925532867316
"1513",2019-04-14,"Herbert",4.4301537230418
"1514",2019-04-14,"Montana",1.27145023923885
"1515",2019-04-14,"Peterson",0.73230334279073
"1516",2019-04-14,"Steep",0.141806976779224
"1517",2019-04-15,"Herbert",4.2628068206412
"1518",2019-04-15,"Montana",1.09430599825331
"1519",2019-04-15,"Peterson",0.545881607365821
"1520",2019-04-15,"Steep",0.127760882188559
"1521",2019-04-16,"Herbert",4.1340784341792
"1522",2019-04-16,"Montana",1.0908270031058
"1523",2019-04-16,"Peterson",0.546504582815837
"1524",2019-04-16,"Steep",0.118945622700451
"1525",2019-04-17,"Herbert",4.0954599182406
"1526",2019-04-17,"Montana",1.05031786017732
"1527",2019-04-17,"Peterson",0.530059897231503
"1528",2019-04-17,"Steep",0.118324750339186
"1529",2019-04-18,"Herbert",4.2756796592874
"1530",2019-04-18,"Montana",1.08621550897509
"1531",2019-04-18,"Peterson",0.544822173645023
"1532",2019-04-18,"Steep",0.138371234728634
"1533",2019-04-19,"Herbert",4.5846277867962
"1534",2019-04-19,"Montana",1.37661949574299
"1535",2019-04-19,"Peterson",0.696365482807135
"1536",2019-04-19,"Steep",0.253763888177579
"1537",2019-04-20,"Herbert",4.4687722389804
"1538",2019-04-20,"Montana",2.04210624619153
"1539",2019-04-20,"Peterson",1.07591236071355
"1540",2019-04-20,"Steep",0.173089779377442
"1541",2019-04-21,"Herbert",4.2370611433488
"1542",2019-04-21,"Montana",1.40348285062966
"1543",2019-04-21,"Peterson",0.806079756525729
"1544",2019-04-21,"Steep",0.132072331166338
"1545",2019-04-22,"Herbert",4.2628068206412
"1546",2019-04-22,"Montana",1.21343640434168
"1547",2019-04-22,"Peterson",0.617004974930448
"1548",2019-04-22,"Steep",0.126209559557914
"1549",2019-04-23,"Herbert",4.4687722389804
"1550",2019-04-23,"Montana",1.52336710062274
"1551",2019-04-23,"Peterson",1.140918069278
"1552",2019-04-23,"Steep",0.24159752972601
"1553",2019-04-24,"Herbert",4.3529166911646
"1554",2019-04-24,"Montana",1.37741410562437
"1555",2019-04-24,"Peterson",1.15699359754695
"1556",2019-04-24,"Steep",0.153787951719748
"1557",2019-04-25,"Herbert",4.1340784341792
"1558",2019-04-25,"Montana",1.17475784303911
"1559",2019-04-25,"Peterson",0.775592720789918
"1560",2019-04-25,"Steep",0.123811812163121
"1561",2019-04-26,"Herbert",3.9667315317786
"1562",2019-04-26,"Montana",1.00865001035891
"1563",2019-04-26,"Peterson",0.591097941228473
"1564",2019-04-26,"Steep",0.112641097310549
"1565",2019-04-27,"Herbert",3.9409858544862
"1566",2019-04-27,"Montana",1.07747240504956
"1567",2019-04-27,"Peterson",0.519315684515449
"1568",2019-04-27,"Steep",0.118715754552317
"1569",2019-04-28,"Herbert",3.9796043704248
"1570",2019-04-28,"Montana",0.943392890483328
"1571",2019-04-28,"Peterson",0.478396313211991
"1572",2019-04-28,"Steep",0.116496014281364
"1573",2019-04-29,"Herbert",4.0954599182406
"1574",2019-04-29,"Montana",0.923572859212596
"1575",2019-04-29,"Peterson",0.40140805561768
"1576",2019-04-29,"Steep",0.117546100138341
"1577",2019-04-30,"Herbert",4.249933981995
"1578",2019-04-30,"Montana",0.939779855262222
"1579",2019-04-30,"Peterson",0.340873637695328
"1580",2019-04-30,"Steep",0.12302065082694
"1581",2019-05-01,"Herbert",4.5202635935652
"1582",2019-05-01,"Montana",1.0459868715013
"1583",2019-05-01,"Peterson",0.298139940321447
"1584",2019-05-01,"Steep",0.133005410970981
"1585",2019-05-02,"Herbert",4.9193215915974
"1586",2019-05-02,"Montana",1.25210364855681
"1587",2019-05-02,"Peterson",0.245928148090422
"1588",2019-05-02,"Steep",0.150738227209903
"1589",2019-05-03,"Herbert",6.116495585694
"1590",2019-05-03,"Montana",1.40902509076451
"1591",2019-05-03,"Peterson",0.243504549908814
"1592",2019-05-03,"Steep",0.203273792386032
"1593",2019-05-04,"Herbert",8.5237164125334
"1594",2019-05-04,"Montana",2.53855858942947
"1595",2019-05-04,"Peterson",0.316174881661039
"1596",2019-05-04,"Steep",0.35048224416757
"1597",2019-05-05,"Herbert",9.9397286636154
"1598",2019-05-05,"Montana",2.22140250892623
"1599",2019-05-05,"Peterson",0.390422583325841
"1600",2019-05-05,"Steep",0.336664186115003
"1601",2019-05-06,"Herbert",12.0894927175308
"1602",2019-05-06,"Montana",2.38044915775595
"1603",2019-05-06,"Peterson",0.763284268569204
"1604",2019-05-06,"Steep",0.507180024396362
"1605",2019-05-07,"Herbert",14.5739505762474
"1606",2019-05-07,"Montana",3.87651353681792
"1607",2019-05-07,"Peterson",1.61926768014186
"1608",2019-05-07,"Steep",0.784370986859295
"1609",2019-05-08,"Herbert",15.191846831265
"1610",2019-05-08,"Montana",4.7476850639575
"1611",2019-05-08,"Peterson",3.1752821062549
"1612",2019-05-08,"Steep",1.36172276074929
"1613",2019-05-09,"Herbert",16.736587468809
"1614",2019-05-09,"Montana",4.1243856401195
"1615",2019-05-09,"Peterson",1.64653464907979
"1616",2019-05-09,"Steep",1.01915190983466
"1617",2019-05-10,"Herbert",17.251501014657
"1618",2019-05-10,"Montana",4.32249327130982
"1619",2019-05-10,"Peterson",1.38004222969632
"1620",2019-05-10,"Steep",0.936710145355307
"1621",2019-05-11,"Herbert",15.964217150037
"1622",2019-05-11,"Montana",3.3320398490122
"1623",2019-05-11,"Peterson",0.764524245966241
"1624",2019-05-11,"Steep",0.670895752489914
"1625",2019-05-12,"Herbert",14.548204898955
"1626",2019-05-12,"Montana",2.60918793002901
"1627",2019-05-12,"Peterson",0.478626947117222
"1628",2019-05-12,"Steep",0.554389014380607
"1629",2019-05-13,"Herbert",14.1491469009228
"1630",2019-05-13,"Montana",2.08786206660943
"1631",2019-05-13,"Peterson",0.323785813453745
"1632",2019-05-13,"Steep",0.464276429034804
"1633",2019-05-14,"Herbert",14.4709678670778
"1634",2019-05-14,"Montana",1.97651672325553
"1635",2019-05-14,"Peterson",0.217800061241155
"1636",2019-05-14,"Steep",0.422108879502903
"1637",2019-05-15,"Herbert",14.805661671879
"1638",2019-05-15,"Montana",2.03204742333053
"1639",2019-05-15,"Peterson",0.159728380332201
"1640",2019-05-15,"Steep",0.399981596254574
"1641",2019-05-16,"Herbert",14.934390058341
"1642",2019-05-16,"Montana",2.24910965347573
"1643",2019-05-16,"Peterson",0.144245122831637
"1644",2019-05-16,"Steep",0.445749814199535
"1645",2019-05-17,"Herbert",15.706760377113
"1646",2019-05-17,"Montana",2.19237763830527
"1647",2019-05-17,"Peterson",0.112479871921866
"1648",2019-05-17,"Steep",0.415248373981339
"1649",2019-05-18,"Herbert",16.350402309423
"1650",2019-05-18,"Montana",2.6284554498902
"1651",2019-05-18,"Peterson",0.190570103290222
"1652",2019-05-18,"Steep",0.475861987133264
"1653",2019-05-19,"Herbert",16.865315855271
"1654",2019-05-19,"Montana",2.50656427857262
"1655",2019-05-19,"Peterson",0.270597146660392
"1656",2019-05-19,"Steep",0.44382488519945
"1657",2019-05-20,"Herbert",17.380229401119
"1658",2019-05-20,"Montana",2.34288284550517
"1659",2019-05-20,"Peterson",0.185597962175384
"1660",2019-05-20,"Steep",0.406211570136261
"1661",2019-05-21,"Herbert",20.727167449131
"1662",2019-05-21,"Montana",2.53153477411446
"1663",2019-05-21,"Peterson",0.121758767062158
"1664",2019-05-21,"Steep",0.393065380959499
"1665",2019-05-22,"Herbert",23.430463564833
"1666",2019-05-22,"Montana",3.05760946841491
"1667",2019-05-22,"Peterson",0.0848735719075766
"1668",2019-05-22,"Steep",0.409677328403244
"1669",2019-05-23,"Herbert",24.074105497143
"1670",2019-05-23,"Montana",2.6301177161966
"1671",2019-05-23,"Peterson",0.064901729456126
"1672",2019-05-23,"Steep",0.384206026808626
"1673",2019-05-24,"Herbert",22.915550018985
"1674",2019-05-24,"Montana",2.25979714991393
"1675",2019-05-24,"Peterson",0.060892940528799
"1676",2019-05-24,"Steep",0.359029781605896
"1677",2019-05-25,"Herbert",21.242080994979
"1678",2019-05-25,"Montana",1.98916799622072
"1679",2019-05-25,"Peterson",0.0665444968628518
"1680",2019-05-25,"Steep",0.338354867930355
"1681",2019-05-26,"Herbert",22.915550018985
"1682",2019-05-26,"Montana",1.98212641946377
"1683",2019-05-26,"Peterson",0.063294675715425
"1684",2019-05-26,"Steep",0.304146698011186
"1685",2019-05-27,"Herbert",26.648673226383
"1686",2019-05-27,"Montana",2.50890155672288
"1687",2019-05-27,"Peterson",0.0524238359883462
"1688",2019-05-27,"Steep",0.315744306094112
"1689",2019-05-28,"Herbert",27.807228704541
"1690",2019-05-28,"Montana",2.74311501840606
"1691",2019-05-28,"Peterson",0.0434247238028053
"1692",2019-05-28,"Steep",0.315443707539673
"1693",2019-05-29,"Herbert",24.589019042991
"1694",2019-05-29,"Montana",2.63985796778763
"1695",2019-05-29,"Peterson",0.0427545558372757
"1696",2019-05-29,"Steep",0.312616832610487
"1697",2019-05-30,"Herbert",22.658093246061
"1698",2019-05-30,"Montana",2.17884272492019
"1699",2019-05-30,"Peterson",0.0376747637526419
"1700",2019-05-30,"Steep",0.271577121903175
"1701",2019-05-31,"Herbert",23.173006791909
"1702",2019-05-31,"Montana",2.00760192335647
"1703",2019-05-31,"Peterson",0.0338466680625638
"1704",2019-05-31,"Steep",0.249492787978453
