"","Number","Site","Date","SampleID","SampCode","Dry.Mass..mg.","Ashed.Mass..mg.","AFDM","X750umb","X649umb","X665umb","X632umb","X696umb","X750uma","X649uma","X665uma","X632uma","X696uma","ChlorophyllA_insample","Area_cm2","Subsample.Volume..mL.","Percent.of.Whole.Sample","SubsampleArea_cm2","ChlA_Area_Main","Chlorophyll_bcd_insample","Chla_Pheophytincorrected","Pheophhytin_inSample","Chl_all_area","ChlA_PhCor_area","Ph_area","X","ChlA_Area_Parsons84","Phaeophytin_Area_Parsons84","ChlA_Area_Marker1980","X.1","Comment"
"1",2,"Herbert",2018-04-19,"Peri_03","Herbert43209Peri_03",79.36,73.03,6.33,0.0108,0.0126,0.0132,0.0117,0.0111,0.0026,0.0037,0.0042,0.003,0.0024,1.5708,362.881,30,0.03,10.88643,"0.144289726",0.99864,2.5596,0.85974,0.091732551,0.2351184,0.078973548,NA,"0.240657406","-0.162042653","0.011674534",NA,""
"2",1,"Herbert",2018-04-19,"Peri_04","Herbert43209Peri_04",76.89,71.94,4.95,0.0102,0.0112,0.0121,0.0108,0.0108,0.0018,0.0016,0.0024,0.0014,0.0013,1.4399,257.54,30,0.03,7.7262,"0.186365872",0.92041,2.75868,0.49128,0.11912842,0.357055215,0.063586239,NA,"0.365466853","-0.302169501","0.015984184",NA,""
"3",3,"Herbert",2018-05-15,"Peri_01","Herbert43235Peri_01",97.15,95.48,1.67,0.0117,0.0124,0.0123,0.0123,0.0123,0.0035,0.0036,0.0036,0.0036,0.0032,1.4637,196.463,80,0.08,15.71704,"0.093128223",0.86755,2.47428,0.73692,0.055198053,0.157426589,0.046886691,NA,"0.161135303","-0.114461629","0.006713223",NA,""
"4",4,"Herbert",2018-05-15,"Peri_04","Herbert43235Peri_04",98.14,97.04,1.1,0.0129,0.0136,0.0136,0.0136,0.0138,0.0025,0.0029,0.003,0.0029,0.0025,1.6184,102.977,120,0.12,12.35724,"0.130967757",0.96076,3.01464,0.6141,0.077748753,0.243957389,0.049695563,NA,"0.249704627","-0.200234842","0.010770123",NA,""
"5",5,"Herbert",2018-06-14,"Peri_03","Herbert43265Peri_03",115.23,113.7,1.53,0.0157,0.0186,0.0207,0.018,0.018,0.0042,0.0061,0.0076,0.0054,0.005,2.4633,144.391,400,0.4,57.7564,"0.042649819",1.60791,3.72564,1.55572,0.027839512,0.064506098,0.026935889,NA,"0.066025756","-0.039212243","0.003425335",NA,""
"6",6,"Herbert",2018-06-14,"Peri_04","Herbert43265Peri_04",117.17,114.21,2.96,0.0122,0.014,0.0103,0.0082,0.0081,0.0155,0.0154,0.006,0.0041,0.0035,1.2257,122.49,300,0.3,36.747,"0.033355104",0.60005,1.22292,1.2282,0.016329224,0.033279451,0.033423137,NA,"0.034063461","-0.000792174","-0.001696683",NA,""
"7",8,"Herbert",2018-07-12,"Peri_03","Herbert43293Peri_03",116.49,113.21,3.28,0.0055,0.0163,0.0215,0.013,0.0084,0.011,0.0216,0.0274,0.0182,0.006,2.5585,322.871,70,0.07,22.60097,"0.113203106",1.98223,-1.67796,5.60878,0.087705528,-0.074242831,0.248165455,NA,"-0.075991871","0.323029852","0.005570336",NA,""
"8",7,"Herbert",2018-07-12,"Peri_04","Herbert43293Peri_04",177.11,176.6,0.51,0.00109,0.0251,0.0164,0.009,0.0061,0.0093,0.0205,0.024,0.0245,0.0105,1.9516,253.804,240,0.24,60.91296,"0.032039159",0.9443,-2.16144,4.9128,0.015502448,-0.035484074,0.080652787,NA,"-0.036320021","0.116606384","0.001397552",NA,""
"9",10,"Herbert",2018-08-16,"Peri_01","Herbert43328Peri_01",81.31,79.76,1.55,0.0112,0.0175,0.0241,0.0169,0.0154,0.0044,0.0081,0.0118,0.007,0.0046,2.8679,246.529,120,0.12,29.58348,"0.096942618",2.15407,3.49812,2.41546,0.072813273,0.118245724,0.081648947,NA,"0.1210314","-0.039753403","0.007984287",NA,""
"10",9,"Herbert",2018-08-16,"Peri_05","Herbert43328Peri_05",72.1,71.39,0.71,0.0065,0.0082,0.0093,0.0081,0.0076,0.0026,0.0034,0.0042,0.003,0.0024,1.1067,112.81,120,0.12,13.5372,"0.081752504",0.73795,1.45044,0.85974,0.05451275,0.107144757,0.063509441,NA,"0.109668912","-0.04644801","0.00593424",NA,""
"11",11,"Herbert",2018-09-13,"Peri_01","Herbert43356Peri_01",92.34,90.54,1.8,0.0032,0.0144,0.0151,0.012,0.0106,0.0021,0.0046,0.0063,0.0032,0.0019,1.7969,178.75,230,0.23,41.1125,"0.043706902",1.17867,2.50272,1.28961,0.028669383,0.060874916,0.031367832,NA,"0.06230903","-0.031083709","0.003791304",NA,""
"12",12,"Herbert",2018-09-13,"Peri_02","Herbert43356Peri_02",120.38,117.3,3.08,0.0021,0.0116,0.0116,0.0103,0.0088,0.0026,0.0048,0.0049,0.0039,0.0028,1.3804,204.934,200,0.2,40.9868,"0.033679136",0.87038,1.90548,1.00303,0.021235617,0.046490089,0.024472025,NA,"0.04758532","-0.023224477","0.002632799",NA,""
"13",13,"Herbert",2018-10-22,"Peri_02","Herbert43395Peri_02",69.68,68.41,1.27,5e-04,0.0025,0.0033,0.002,0.0012,0.0044,0.0054,0.0058,0.0049,0.004,0.3927,177.428,120,0.12,21.29136,"0.018444101",0.30589,-0.711,1.18726,0.014366861,-0.033393827,0.055762525,NA,"-0.034180531","0.089689715","-0.000619453",NA,""
"14",14,"Herbert",2018-10-22,"Peri_03","Herbert43395Peri_03",65.93,64.79,1.14,0.0016,0.0057,0.0095,0.0041,0.0021,0.0023,0.0052,0.0076,0.0032,0.0021,1.1305,124.639,90,0.09,11.21751,"0.100779941",0.97083,0.54036,1.55572,0.086545945,0.048171118,0.13868675,NA,"0.049305951","0.088750712","0.007695826",NA,""
"15",16,"Herbert",2018-11-12,"Peri_01","Herbert43416Peri_01",78.97,77.2,1.77,0.0021,0.0029,0.0036,0.0025,0.002,0.0026,0.003,0.0035,0.0024,0.0022,0.4284,233.101,180,0.18,41.95818,"0.010210166",0.31406,0.02844,0.71645,0.007485072,0.000677818,0.017075335,NA,"0.000693786","0.016303972","0.000285761",NA,""
"16",15,"Herbert",2018-11-12,"Peri_05","Herbert43416Peri_05",107.86,103.88,3.98,0.0016,0.003,0.0035,0.0026,0.0016,0.0024,0.0038,0.0045,0.0032,0.0021,0.4165,384.429,120,0.12,46.13148,"0.009028542",0.30327,-0.2844,0.92115,0.006574036,-0.006164988,0.019967926,NA,"-0.006310225","0.026187432","0.0002859",NA,""
"17",17,"Herbert",2019-01-16,"Peri_04","Herbert43481Peri_04",88.76,85.29,3.47,0.0123,0.0196,0.0194,0.0203,0.0147,0.0126,0.0202,0.0202,0.021,0.0153,2.3086,212.153,60,0.06,12.72918,"0.181362821",1.44874,-0.22752,4.13494,0.113812516,-0.017873893,0.324839463,NA,"-0.018294973","0.341658614","0.006405126",NA,""
"18",18,"Herbert",2019-01-16,"Peri_05","Herbert43481Peri_05",76.96,73.81,3.15,0.0031,0.006,0.0079,0.0053,0.0038,0.0038,0.0066,0.0085,0.0058,0.0041,0.9401,364.225,40,0.04,14.569,"0.064527421",0.71577,-0.17064,1.73995,0.049129659,-0.01171254,0.119428238,NA,"-0.011988469","0.130874116","0.003374219",NA,""
"19",47,"Herbert",2019-04-05,"Peri_01","Herbert43560Peri_01",71.78,69.75,2.03,0.0078,0.0127,0.0127,0.0135,0.01,4e-04,0.0036,0.0033,0.0042,6e-04,1.5113,383.604,20,0.02,7.67208,"0.196986997",0.94789,2.67336,0.67551,0.123550589,0.348453092,0.088047831,NA,"0.356662079","-0.26901427","0.019222558",NA,""
"20",48,"Herbert",2019-04-05,"Peri_02","Herbert43560Peri_02",78.95,76.29,2.66,0.0097,0.0157,0.0157,0.0168,0.0122,0.0122,0.0178,0.0174,0.0186,0.0138,1.8683,256.696,60,0.06,15.40176,"0.121304318",1.17469,-0.48348,3.56178,0.076269855,-0.031391218,0.231257986,NA,"-0.032130743","0.26233807","0.002724689",NA,""
"21",66,"Montana",2018-04-17,"Peri_04","Montana43207Peri_04",81.39,77.78,3.61,0.0171,0.0269,0.0261,0.0286,0.0206,0.0228,0.0266,0.0255,0.0285,0.0212,3.1059,84.373,90,0.09,7.59357,"0.409017103",1.91153,0.17064,5.21985,0.251730082,0.022471644,0.687403948,NA,"0.023001039","0.661279872","0.005210593",NA,""
"22",65,"Montana",2018-04-17,"Peri_05","Montana43207Peri_05",72.98,70.35,2.63,0.0047,0.008,0.0086,0.0082,0.0055,0.0087,0.0058,0.0058,0.0058,0.0038,1.0234,NA,NA,NA,NA,"#VALUE!",0.69056,0.79632,1.18726,NA,NA,NA,NA,"#VALUE!","#VALUE!","#VALUE!",NA,"Photo of Area not available"
"23",68,"Montana",2018-05-17,"Peri_02","Montana43237Peri_02",64.68,61.94,2.74,0.0107,0.0176,0.0106,0.0096,0.0093,0.0192,0.0024,0.0018,0.0011,9e-04,1.2614,62.761,90,0.09,5.64849,"0.22331632",0.45716,2.50272,0.36846,0.080934905,0.443077707,0.065231593,NA,"0.453515895","-0.388580665","-0.018255144",NA,""
"24",67,"Montana",2018-05-17,"Peri_03","Montana43237Peri_03",62.21,60.53,1.68,0.01,0.0104,0.0055,0.0048,0.0046,0.0201,0.0019,0.0012,8e-04,6e-04,0.6545,67.433,150,0.15,10.11495,"0.064706202",0.18371,1.22292,0.24564,0.018162225,0.120902229,0.024284846,NA,"0.123750488","-0.099575974","-0.017306462",NA,""
"25",69,"Montana",2018-06-12,"Peri_02","Montana43263Peri_02",88.2,82.51,5.69,0.0159,0.0235,0.0202,0.0126,0.01056,9e-04,0.0053,0.0079,0.0014,0.0013,2.4038,108.701,100,0.1,10.8701,"0.22113872",1.446196,3.49812,1.61713,0.133043486,0.321811207,0.148768641,NA,"0.329392554","-0.181299804","0.021288397",NA,""
"26",70,"Montana",2018-06-12,"Peri_03","Montana43263Peri_03",90.4,85.28,5.12,0.0168,0.0221,0.0182,0.0123,0.0106,0.002,0.004,0.0062,0.0013,0.0017,2.1658,94.075,120,0.12,11.289,"0.191850474",1.2428,3.4128,1.26914,0.110089468,0.302311985,0.112422712,NA,"0.309433962","-0.197522013","0.017205953",NA,""
"27",71,"Montana",2018-07-10,"Peri_01","Montana43291Peri_01",94.55,91.56,2.99,0.0029,0.0088,0.0157,0.005,0.0036,0.0023,0.0068,0.0144,0.0047,0.0036,1.8683,98.527,100,0.1,9.8527,"0.189623149",1.62913,0.36972,2.94768,0.165348585,0.037524739,0.299174845,NA,"0.038408761","0.259406863","0.016306799",NA,""
"28",72,"Montana",2018-07-10,"Peri_02","Montana43291Peri_02",80,76.26,3.74,0.003,0.0088,0.00153,0.0053,0.0036,0.0023,0.0062,0.0105,0.0045,0.0025,0.18207,127.711,100,0.1,12.7711,"0.014256407",-0.253883,-2.551068,2.14935,-0.019879494,-0.199753193,0.168297954,NA,"-0.204459052","0.371992389","-0.000722906",NA,""
"29",73,"Montana",2018-08-17,"Peri_01","Montana43329Peri_01",74.47,69.83,4.64,0.0015,0.0117,0.0224,0.0059,0.0029,0.0015,0.0082,0.0148,0.0043,0.0022,2.6656,86.237,180,0.18,15.52266,"0.171723145",2.4012,2.16144,3.02956,0.154689982,0.139244176,0.195170158,NA,"0.142524542","0.051758912","0.01614356",NA,""
"30",74,"Montana",2018-08-17,"Peri_02","Montana43329Peri_02",92.61,89.72,2.89,0.0017,0.0045,0.0052,0.0021,0.002,0.0015,0.0036,0.0036,0.0024,0.001,0.6188,85.503,160,0.16,13.68048,"0.045232331",0.45414,0.45504,0.73692,0.033196204,0.033261991,0.053866531,NA,"0.034045589","0.019576214","0.003242796",NA,""
"31",75,"Montana",2018-09-12,"Peri_01","Montana43355Peri_01",66.27,64.38,1.89,0.0021,0.0161,0.0248,0.0079,0.0049,0.0021,0.0126,0.017,0.0061,0.0026,2.9512,115.706,120,0.12,13.88472,"0.212550199",2.48768,2.21832,3.4799,0.179166739,0.159766996,0.250628029,NA,"0.163530845","0.085958521","0.01960234",NA,""
"32",76,"Montana",2018-09-12,"Peri_02","Montana43355Peri_02",81.81,77.11,4.7,0.0034,0.0065,0.0068,0.0036,0.0037,0.0032,0.0048,0.0052,0.00387,0.0028,0.8092,118.783,120,0.12,14.25396,"0.056770189",0.5477,0.45504,1.06444,0.03842441,0.03192376,0.074676792,NA,"0.032675832","0.041661686","0.003028211",NA,""
"33",78,"Montana",2018-10-18,"Peri_01","Montana43391Peri_01",84.88,82.3,2.58,0.0012,0.003,0.005,8e-04,0.0011,9e-04,0.0018,0.0029,0.001,5e-04,0.595,136.474,120,0.12,16.37688,"0.036331707",0.51024,0.59724,0.59363,0.031156118,0.036468485,0.036248052,NA,"0.037327623","-0.001244254","0.003001732",NA,""
"34",77,"Montana",2018-10-18,"Peri_03","Montana43391Peri_03",77.27,75.64,1.63,0.0012,0.0026,0.0045,6e-04,7e-04,0.001,0.0015,0.0026,8e-04,5e-04,0.5355,56.335,180,0.18,10.1403,"0.052809088",0.46871,0.54036,0.53222,0.046222498,0.053288364,0.052485627,NA,"0.054543751","-0.002296579","0.004138438",NA,""
"35",79,"Montana",2018-11-13,"Peri_04","Montana43417Peri_04",89.21,85.98,3.23,0.0011,0.0039,0.0055,0.001,9e-04,7e-04,0.0027,0.004,0.0015,5e-04,0.6545,77.379,240,0.24,18.57096,"0.035243197",0.53961,0.4266,0.8188,0.029056656,0.022971349,0.044090343,NA,"0.023512516","0.020377514","0.003099032",NA,""
"36",80,"Montana",2018-11-13,"Peri_05","Montana43417Peri_05",68.73,66.86,1.87,8e-04,0.0021,0.0029,0,6e-04,0.0024,0.0032,0.0037,0.0026,0.002,0.3451,46.628,300,0.3,13.9884,"0.024670441",0.28005,-0.22752,0.75739,0.02002016,-0.016264905,0.054144148,NA,"-0.01664808","0.070546238","0.000428569",NA,""
"37",44,"Montana",2019-01-17,"Peri_04","Montana43482Peri_04",91.39,88.26,3.13,0.009,0.014,0.0146,0.0149,0.0113,0.0094,0.0135,0.0136,0.0141,0.0107,1.7374,103.279,180,0.18,18.59022,"0.093457743",1.11986,0.2844,2.78392,0.060239201,0.015298367,0.149751859,NA,"0.015658771","0.13341273","0.003353806",NA,""
"38",43,"Montana",2019-01-17,"Peri_05","Montana43482Peri_05",66.83,64.92,1.91,0.008,0.0151,0.0193,0.0151,0.0104,0.0094,0.0158,0.0191,0.0157,0.0112,2.2967,59.689,140,0.14,8.35646,"0.274841261",1.71055,0.05688,3.90977,0.204697922,0.00680671,0.467873956,NA,"0.006967065","0.45878123","0.014204699",NA,""
"39",42,"Montana",2019-04-03,"Peri_03","Montana43558Peri_03",77.62,75.4,2.22,0.0028,0.0056,0.0091,0.0052,0.0033,0.0032,0.0058,0.0085,0.005,0.0033,1.0829,97.474,120,0.12,11.69688,"0.092580244",0.90197,0.17064,1.73995,0.077112016,0.014588506,0.148753343,NA,"0.014932187","0.133145334","0.006047852",NA,""
"40",41,"Montana",2019-04-03,"Peri_05","Montana43558Peri_05",85.33,82.64,2.69,8e-04,0.0029,0.0034,0.0017,0.0013,0.0015,0.0025,0.0035,0.002,0.0014,0.4046,93.24,120,0.12,11.1888,"0.036161161",0.29918,-0.02844,0.71645,0.026739239,-0.002541828,0.064032783,NA,"-0.002601709","0.066343576","0.002036054",NA,""
"41",39,"Peterson",2018-04-20,"Peri_01","Peterson43210Peri_01",67.11,65.83,1.28,0.0151,0.02,0.0178,0.0166,0.0119,7e-04,0.0061,0.0084,0.0026,8e-04,2.1182,39.921,110,0.11,4.39131,"0.482361755",1.26452,2.67336,1.71948,0.287959629,0.608784167,0.391564248,NA,"0.623126129","-0.233340848","0.046689712",NA,""
"42",40,"Peterson",2018-04-20,"Peri_04","Peterson43210Peri_04",77.81,75.4,2.41,0.0032,0.0119,0.0213,0.0074,0.0031,0.002,0.0088,0.0161,0.0045,0.002,2.5347,132.154,100,0.1,13.2154,"0.191798962",2.24339,1.47888,3.29567,0.16975574,0.111905807,0.249381025,NA,"0.114542125","0.133705904","0.017510405",NA,""
"43",63,"Peterson",2018-05-16,"Peri_01","Peterson43236Peri_01",67.37,65.97,1.4,5e-04,0.0071,0.0168,0.0041,0.0011,0.00654,0.0043,0.0103,0.0017,1e-04,1.9992,149.417,50,0.05,7.47085,"0.267600072",1.89512,1.8486,2.10841,0.253668592,0.247441723,0.282218221,NA,"0.253271047","0.027664991","0.016466319",NA,""
"44",64,"Peterson",2018-05-16,"Peri_05","Peterson43236Peri_05",70.19,68.53,1.66,1e-04,0.0065,0.016,0.0036,2e-04,0.0044,0.0027,0.0085,3e-04,-8e-04,1.904,113.34,60,0.06,6.8004,"0.27998353",1.83128,2.133,1.73995,0.269290042,0.31365802,0.255859949,NA,"0.321047291","-0.066349774","0.020452326",NA,""
"45",62,"Peterson",2018-06-13,"Peri_03","Peterson43264Peri_03",103.83,97.15,6.68,0.0011,0.1544,0.2797,0.0707,0.0109,0.0012,0.1403,0.2456,0.059,0.0106,33.2843,146.935,60,0.06,8.8161,"3.775399553",30.04601,9.69804,50.27432,3.408084073,1.100037432,5.70255782,NA,"1.125952519","4.550697247","0.378763285",NA,""
"46",61,"Peterson",2018-06-13,"Peri_05","Peterson43264Peri_05",72.33,67.33,5,0.003,0.1277,0.2481,0.0623,0.0104,0.0023,0.0943,0.1634,0.0355,0.0094,29.5239,164.016,50,0.05,8.2008,"3.600124378",27.05687,24.08868,33.44798,3.29929641,2.937357331,4.078624037,NA,"3.006556677","1.053537216","0.3593725",NA,""
"47",60,"Peterson",2018-07-11,"Peri_03","Peterson43292Peri_03",83.98,77.65,6.33,0.0026,0.1158,0.27487,0.0629,0.0153,0.0024,0.0753,0.1777,0.032,0.0122,32.70953,189.551,60,0.06,11.37306,"2.876053586",31.067583,27.635148,36.37519,2.731681975,2.429877975,3.19836438,NA,"2.487121936","0.696711527","0.287250335",NA,""
"48",59,"Peterson",2018-07-11,"Peri_04","Peterson43292Peri_04",100.67,90.69,9.98,0.002,0.1753,0.3703,0.0891,0.0145,0.003,0.1277,0.246,0.0522,0.0135,44.0657,174.342,60,0.06,10.46052,"4.212572606",41.09047,35.35092,50.3562,3.928147931,3.379461059,4.813928944,NA,"3.459075648","1.33298249","0.421004596",NA,""
"49",58,"Peterson",2018-08-15,"Peri_04","Peterson43327Peri_04",99.72,96.79,2.93,0.0051,0.0084,0.0094,0.0081,0.006,0.0058,0.0071,0.0075,0.0068,0.0052,1.1186,111.099,120,0.12,13.33188,"0.083904146",0.77004,0.54036,1.53525,0.057759296,0.040531418,0.115156302,NA,"0.041486272","0.073146848","0.003237653",NA,""
"50",57,"Peterson",2018-08-15,"Peri_05","Peterson43327Peri_05",103.77,96.38,7.39,0.0014,0.0516,0.1241,0.0272,0.0058,0.0016,0.0351,0.0818,0.0147,0.0048,14.7679,234.929,120,0.12,28.19148,"0.523842665",14.07597,12.03012,16.74446,0.499298724,0.426728927,0.593954627,NA,"0.436781964","0.154474189","0.052099961",NA,""
"51",56,"Peterson",2018-09-11,"Peri_03","Peterson43354Peri_03",80.95,76.02,4.93,0.0013,0.0761,0.1916,0.0407,0.0071,0.0021,0.0538,0.133,0.0239,0.0063,22.8004,191.665,48,0.048,9.19992,"2.478325898",21.9248,16.66584,27.2251,2.383151158,1.8115201,2.959275733,NA,"1.854196558","1.091634492","0.246970082",NA,""
"52",55,"Peterson",2018-09-11,"Peri_05","Peterson43354Peri_05",76.01,74.29,1.72,0.0026,0.0058,0.0095,0.0046,0.0029,0.0042,0.0054,0.0078,0.0044,0.0035,1.1305,223.831,60,0.06,13.42986,"0.084178093",0.95269,0.48348,1.59666,0.070938193,0.036000375,0.118888804,NA,"0.036848485","0.081500179","0.004731769",NA,""
"53",54,"Peterson",2018-10-19,"Peri_01","Peterson43392Peri_01",67.38,65.89,1.49,0.0029,0.0053,0.0063,0.0048,0.0034,0.0061,0.0083,0.0091,0.0078,0.0064,0.7497,180.838,60,0.06,10.85028,"0.069094991",0.54143,-0.79632,1.86277,0.049900095,-0.073391654,0.171679441,NA,"-0.075120642","0.246020103","0.000221008",NA,""
"54",53,"Peterson",2018-10-19,"Peri_02","Peterson43392Peri_02",69.76,67.94,1.82,0.0015,0.0124,0.0239,0.007,0.0024,0.002,0.0122,0.0233,0.0069,0.0026,2.8441,188.939,60,0.06,11.33634,"0.250883442",2.57827,0.17064,4.76951,0.227434075,0.015052477,0.420727501,NA,"0.015407089","0.403408949","0.023162767",NA,""
"55",52,"Peterson",2018-11-09,"Peri_01","Peterson43413Peri_01",78.49,76.07,2.42,8e-04,0.0106,0.0198,0.0056,0.0015,0.013,0.0098,0.0175,0.005,0.0015,2.3562,129.451,60,0.06,7.76706,"0.303358027",2.12956,0.65412,3.58225,0.274178389,0.084217194,0.461210548,NA,"0.086201214","0.372913947","0.010497151",NA,""
"56",51,"Peterson",2018-11-09,"Peri_02","Peterson43413Peri_02",80.52,78.04,2.48,0.0028,0.068,0.008,0.0053,0.0037,0.0035,0.006,0.0071,0.005,0.0039,0.952,167.675,60,0.06,10.0605,"0.094627504",-2.0716,0.25596,1.45337,-0.205914219,0.025442075,0.144462999,NA,"0.026041449","0.11776522","0.005363054",NA,""
"57",50,"Peterson",2019-01-15,"Peri_04","Peterson43480Peri_04",77.2,76.13,1.07,0.001,0.0079,0.0128,0.0044,0.0016,0.002,0.007,0.0095,0.0037,0.0019,1.5232,115.521,60,0.06,6.93126,"0.219758024",1.31884,0.93852,1.94465,0.190274207,0.135403953,0.280562264,NA,"0.138593849","0.140693756","0.018682318",NA,""
"58",49,"Peterson",2019-01-15,"Peri_05","Peterson43480Peri_05",78.6,76.92,1.68,0.0016,0.005,0.0082,0.0035,0.002,0.0019,0.0046,0.0068,0.0027,0.0014,0.9758,83.134,105,0.105,8.72907,"0.111787395",0.83108,0.39816,1.39196,0.09520831,0.045613107,0.159462577,NA,"0.046687677","0.112050425","0.008653499",NA,""
"59",46,"Peterson",2019-04-05,"Peri_04","Peterson43560Peri_04",74.82,73.48,1.34,9e-04,0.0076,0.0117,0.004,0.0013,0.0015,0.0079,0.0117,0.0043,0.0015,1.3923,192.862,60,0.06,11.57172,"0.120319192",1.19119,0,2.39499,0.102939753,0,0.206969232,NA,"0","0.206028922","0.010568697",NA,""
"60",45,"Peterson",2019-04-05,"Peri_05","Peterson43560Peri_05",121.49,118.88,2.61,0.0018,0.0121,0.0206,0.0061,0.0021,0.0023,0.0125,0.0202,0.0064,0.0023,2.4514,185.595,60,0.06,11.1357,"0.220138833",2.15794,0.11376,4.13494,0.193785752,0.010215792,0.371322863,NA,"0.01045646","0.359179396","0.019703925",NA,""
"61",20,"Steep",2018-04-18,"Peri_01","Steep43208Peri_01",103.82,100.39,3.43,0.0022,0.023,0.0577,0.0157,0.0041,0.0022,0.023,0.0577,0.0156,0.0042,6.8663,258.28,60,0.06,15.4968,"0.443078571",6.56681,0,11.81119,0.423752646,0,0.762169609,NA,"0","0.758706894","0.042940801",NA,""
"62",19,"Steep",2018-04-18,"Peri_02","Steep43208Peri_02",85.15,81.71,3.44,0.003,0.0129,0.0192,0.0078,0.0038,0.0027,0.0126,0.0191,0.0076,0.0037,2.2848,202.298,75,0.075,15.17235,"0.150589724",1.90716,0.02844,3.90977,0.12569971,0.001874462,0.25769047,NA,"0.001918622","0.2546011","0.01303918",NA,""
"63",22,"Steep",2018-05-14,"Peri_02","Steep43234Peri_02",124.61,120,4.61,0.0104,0.0238,0.0457,0.0195,0.0124,0.002,0.0121,0.0293,0.0077,0.0029,5.4383,302.017,60,0.06,18.12102,"0.300110038",4.79371,4.66416,5.99771,0.264538641,0.257389485,0.330980817,NA,"0.263453161","0.066023932","0.028914653",NA,""
"64",21,"Steep",2018-05-14,"Peri_05","Steep43234Peri_05",105.94,102.46,3.48,0.0096,0.0175,0.031,0.0156,0.0118,0.0021,0.007,0.0155,0.0047,0.0029,3.689,204.833,110,0.11,22.53163,"0.163725394",3.13294,4.4082,3.17285,0.13904631,0.195644967,0.140817597,NA,"0.200254043","-0.060076213","0.01537887",NA,""
"65",23,"Steep",2018-06-11,"Peri_01","Steep43262Peri_01",97.65,94.96,2.69,0.0097,0.0251,0.0423,0.0181,0.0144,0.0019,0.0123,0.0219,0.0058,0.0023,5.0337,154.809,60,0.06,9.28854,"0.541925857",4.24745,5.80176,4.48293,0.457278539,0.624614848,0.482630209,NA,"0.639329755","-0.158892248","0.052149853",NA,""
"66",24,"Steep",2018-06-11,"Peri_02","Steep43262Peri_02",122.5,118.52,3.98,0.0099,0.0295,0.0435,0.0195,0.0117,0.0025,0.0192,0.0295,0.0094,0.0033,5.1765,142.14,100,0.1,14.214,"0.3641832",4.25587,3.9816,6.03865,0.299413958,0.280118193,0.424838188,NA,"0.286717321","0.136190727","0.034584916",NA,""
"67",25,"Steep",2018-07-09,"Peri_04","Steep43290Peri_04",98.68,93.2,5.48,0.0111,0.0455,0.0894,0.0307,0.0166,0.0038,0.0261,0.0528,0.0136,0.0074,10.6386,216.565,140,0.14,30.3191,"0.350887724",9.55424,10.40904,10.80816,0.31512281,0.343316259,0.356480239,NA,"0.35140423","0.003456435","0.033851401",NA,""
"68",26,"Steep",2018-07-09,"Peri_05","Steep43290Peri_05",164.21,156.32,7.89,0.0105,0.0489,0.0856,0.0301,0.0135,0.0046,0.0367,0.063,0.0188,0.0069,10.1864,204.494,150,0.15,30.6741,"0.332084723",8.94912,6.42744,12.8961,0.291748413,0.209539644,0.420423093,NA,"0.214476056","0.204036956","0.031661565",NA,""
"69",28,"Steep",2018-08-13,"Peri_04","Steep43325Peri_04",98.36,93.53,4.83,0.0106,0.0384,0.0778,0.0258,0.0131,0.0082,0.0292,0.0571,0.0178,0.0103,9.2582,162.097,120,0.12,19.45164,"0.475959868",8.39148,5.88708,11.68837,0.431402185,0.302652116,0.600893806,NA,"0.309782106","0.288381699","0.042901473",NA,""
"70",27,"Steep",2018-08-13,"Peri_05","Steep43325Peri_05",158.75,151.61,7.14,0.011,0.058,0.1288,0.038,0.0154,0.0057,0.0449,0.135,0.0266,0.0095,15.3272,150.319,120,0.12,18.03828,"0.849704074",14.25076,-1.76328,27.6345,0.790028761,-0.097752114,1.531991964,NA,"-0.100054994","1.62508676","0.081824265",NA,""
"71",30,"Steep",2018-09-10,"Peri_04","Steep43353Peri_04",198.01,188.99,9.02,0.0116,0.0563,0.107,0.035,0.0146,0.0106,0.0422,0.0712,0.0229,0.0134,12.733,186.131,180,0.18,33.50358,"0.380048938",11.4425,10.18152,14.57464,0.341530666,0.303893494,0.435017392,NA,"0.311052729","0.121988277","0.03449888",NA,""
"72",29,"Steep",2018-09-10,"Peri_05","Steep43353Peri_05",145.64,141.23,4.41,0.0117,0.0383,0.0702,0.0257,0.0145,0.0091,0.0322,0.0577,0.0204,0.0118,8.3538,140.754,180,0.18,25.33572,"0.3297242",7.36154,3.555,11.81119,0.290559731,0.140315728,0.466187264,NA,"0.143621338","0.320447929","0.028915263",NA,""
"73",32,"Steep",2018-10-16,"Peri_01","Steep43389Peri_01",85.41,83.8,1.61,0.0012,0.0076,0.0145,0.0042,0.0012,5e-04,0.0049,0.0089,0.0021,6e-04,1.7255,125.742,90,0.09,11.31678,"0.1524727",1.56517,1.59264,1.82183,0.138305242,0.140732611,0.160984838,NA,"0.144048042","0.016205405","0.014832841",NA,""
"74",31,"Steep",2018-10-16,"Peri_05","Steep43389Peri_05",112.28,110.1,2.18,0.001,0.0154,0.0304,0.0085,0.0023,1e-04,0.0133,0.0259,0.0069,0.002,3.6176,149.223,90,0.09,13.43007,"0.269365685",3.30916,1.2798,5.30173,0.246399311,0.095293621,0.394765627,NA,"0.097538583","0.295433531","0.027051013",NA,""
"75",34,"Steep",2018-11-17,"Peri_01","Steep43421Peri_01",93.9,89.98,3.92,0.0015,0.0086,0.0145,0.0052,0.0018,2e-04,0.0061,0.0101,0.003,6e-04,1.7255,166.039,70,0.07,11.62273,"0.148459097",1.51013,1.25136,2.06747,0.129929027,0.107664895,0.177881616,NA,"0.110201304","0.066872155","0.01475187",NA,""
"76",33,"Steep",2018-11-17,"Peri_02","Steep43421Peri_02",130.51,127.45,3.06,0.0012,0.0035,0.0059,0.0022,9e-04,1e-04,0.0023,0.0043,0.0011,2e-04,0.7021,105.298,110,0.11,11.58278,"0.060615845",0.61157,0.45504,0.88021,0.052799932,0.039285905,0.075992983,NA,"0.040211417","0.035436311","0.006003913",NA,""
"77",35,"Steep",2019-01-14,"Peri_01","Steep43479Peri_01",85.58,83.48,2.1,0.002,0.0096,0.0173,0.0059,0.0025,3e-04,0.0058,0.0108,0.0026,7e-04,2.0587,112.449,120,0.12,13.49388,"0.152565459",1.82529,1.8486,2.21076,0.135267988,0.136995438,0.163834272,NA,"0.140222827","0.022867107","0.015105366",NA,""
"78",36,"Steep",2019-01-14,"Peri_04","Steep43479Peri_04",87.27,84.43,2.84,0.002,0.0121,0.0208,0.0068,0.0026,3e-04,0.009,0.0155,0.0042,0.0011,2.4752,91.386,60,0.06,5.48316,"0.451418525",2.17624,1.50732,3.17285,0.396895221,0.274899875,0.57865355,NA,"0.281376068","0.294648524","0.044827253",NA,""
"79",38,"Steep",2019-04-02,"Peri_01","Steep43557Peri_01",97.05,93.83,3.22,0.0049,0.0281,0.0449,0.0166,0.0069,6e-04,0.0178,0.0265,0.007,0.0015,5.3431,167.182,100,0.1,16.7182,"0.319597804",4.58699,5.23296,5.42455,0.274371045,0.313009774,0.32446974,NA,"0.320383773","0.002611824","0.031771184",NA,""
"80",37,"Steep",2019-04-02,"Peri_02","Steep43557Peri_02",88.92,86.41,2.51,0.003,0.0149,0.0295,0.0099,0.0044,0.001,0.0098,0.0194,0.005,0.0013,3.5105,135.595,120,0.12,16.2714,"0.215746647",3.17645,2.87244,3.97118,0.195216761,0.176533058,0.244058901,NA,"0.180691889","0.062258195","0.021000959",NA,""
"81",1,"Steep",2018-05-14,"Peri_01_A","Steep43234Peri_01_A",NA,NA,0,0.0064,0.0163,0.0307,0.013,0.0013,0.0051,0.0147,0.0289,0.0112,0.007,3.6533,173.444,80,0.08,13.87552,"0.263291033",3.32845,0.51192,5.91583,0.263291033,NA,0.426350148,NA,"0.032202515","0.329717971","0.018864019",NA,"AFDM Not Available"
"82",2,"Steep",2019-01-14,"Peri_03","Steep43479Peri_03",78.48,76.77,1.71,0.0068,0.0169,0.029,9e-04,0.007,0.009,0.0189,0.0317,0.0159,0.0118,3.451,63.413,180,0.18,11.41434,"0.302338988",2.96896,-0.76788,6.48899,0.2487114,NA,0.467657428,NA,"-0.056644364","0.522177115","0.017282235",NA,""
"83",3,"Steep",2018-07-09,"Peri_01","Steep43290Peri_01",110.48,104.58,5.9,0.001,0.0263,0.0606,0.0152,0.0045,0.0081,0.0282,0.0604,0.0209,0.013,7.2114,185.936,80,0.08,14.87488,"0.484803911",6.7958,0.05688,12.36388,0.484803911,NA,0.831191915,NA,"0.003913981","0.823501635","0.042317988",NA,""
"84",4,"Steep",2018-07-09,"Peri_02","Steep43290Peri_02",148.89,142.99,5.9,5e-04,0.0407,0.1052,0.0237,0.005,0.0032,0.0413,0.1023,0.0258,0.0087,12.5188,146.354,140,0.14,20.48956,"0.610984326",12.06866,0.82476,20.94081,0.610984326,NA,1.022023411,NA,"0.041200982","0.976179137","0.059687958",NA,""
"85",5,"Steep",2018-07-09,"Peri_03","Steep43290Peri_03",277.94,255.47,22.47,0.0021,0.1707,0.4405,0.095,0.0192,0.003,0.1523,0.3866,0.08,0.0179,52.4195,238.127,90,0.09,21.43143,"2.445917048",50.54973,15.32916,79.13702,2.445917048,NA,3.692568345,NA,"0.732115869","2.943676274","0.244763182",NA,""
"86",6,"Peterson",2018-06-13,"Peri_01","Peterson43264Peri_01",94.16,85.47,8.69,4e-04,0.1483,0.2589,0.0662,0.0082,0.0016,0.1442,0.2405,0.0645,0.0132,30.8091,254.153,60,0.06,15.24918,"2.020377489",27.60169,5.23296,49.23035,2.020377489,NA,3.228393264,NA,"0.351247739","2.862478179","0.202307731",NA,""
"87",7,"Peterson",2018-10-19,"Peri_04","Peterson43392Peri_04",65.85,64.4,1.45,4e-04,0.003,0.0052,0.0017,8e-04,0.002,0.0054,0.0086,0.0037,0.0018,0.6188,206.799,60,0.06,12.40794,"0.049871292",0.54258,-0.96696,1.76042,0.049871292,NA,0.141878507,NA,"-0.079766666","0.221000585","0.003092214",NA,""
"88",8,"Peterson",2018-10-19,"Peri_03","Peterson43392Peri_03",97.26,94.8,2.46,0.0019,0.0057,0.0091,0.004,0.0024,1e-04,0.003,0.0056,0.0013,2e-04,1.0829,200.63,80,0.08,16.0504,"0.067468724",0.91239,0.9954,1.14632,0.067468724,NA,0.071420027,NA,"0.063478169","0.00761738","0.006723197",NA,""
"89",9,"Peterson",2018-10-19,"Peri_05","Peterson43392Peri_05",113.87,109.86,4.01,0.0042,0.00154,0.0189,0.0092,0.0028,0.006,0.0176,0.0217,0.0177,0.0072,2.2491,159.951,60,0.06,9.59706,"0.234353021",2.399002,-0.79632,4.44199,0.234353021,NA,0.462849039,NA,"-0.084930177","0.545676384","0.016116498",NA,""
"90",10,"Steep",2019-04-02,"Peri_03","Steep43557Peri_03",81.71,79.07,2.64,0.003,0.0253,0.0641,0.0172,0.0059,1e-04,0.0183,0.0506,0.0107,0.0021,7.6279,146.73,120,0.12,17.6076,"0.433216338",7.28299,3.8394,10.35782,0.433216338,NA,0.588258479,NA,"0.223190554","0.362395329","0.043581181",NA,""
"91",11,"Montana",2018-11-13,"Peri_02","Montana43422Peri_02",86.78,84.2,2.58,0,0.0015,0.0033,7e-04,5e-04,8e-04,0.002,0.0035,0.0012,0.001,0.3927,91.207,160,0.16,14.59312,"0.026909941",0.36249,-0.05688,0.71645,0.026909941,NA,0.049095053,NA,"-0.003989551","0.052861554","0.00205405",NA,""
"92",12,"Montana",2018-05-17,"Peri_05","Montana43237Peri_05",85.44,83.52,1.92,5e-04,0.0013,0.0016,8e-04,0.001,5e-04,8e-04,0.0011,4e-04,6e-04,0.1904,58.917,150,0.15,8.83755,"0.021544433",0.13696,0.1422,0.22517,0.021544433,NA,0.025478781,NA,"0.016469497","0.008893528","0.001492382",NA,""
"93",13,"Montana",2018-05-17,"Peri_01","Montana43237Peri_01",75.18,73.06,2.12,0.001,0.0018,0.0273,0.0575,0.0884,9e-04,0.0013,0.0013,0.001,0.0012,3.2487,76.826,120,0.12,9.21912,"0.352387213",2.04315,7.3944,0.26611,0.352387213,NA,0.028865011,NA,"0.820967728","-0.792233857","0.03433473",NA,""
"94",14,"Steep",2019-04-02,"Peri_05","Steep43557Peri_05",171.01,164.57,6.44,0.0011,0.0177,0.0477,0.0119,0.0033,0.001,0.0152,0.0415,0.0096,0.0029,5.6763,156.055,120,0.12,18.7266,"0.303114287",5.48901,1.76328,8.49505,0.303114287,NA,0.45363547,NA,"0.096377346","0.355197153","0.029900409",NA,""
"95",15,"Steep",2019-04-02,"Peri_04","Steep43557Peri_04",142.99,138.77,4.22,9e-04,0.0176,0.0478,0.0116,0.003,9e-04,0.0124,0.0351,0.0071,0.0025,5.6882,170.355,105,0.105,17.887275,"0.318002602",5.51186,3.61188,7.18497,0.318002602,NA,0.401680524,NA,"0.206681566","0.19317403","0.031437488",NA,""
"96",16,"Montana",2018-05-17,"Peri_04","Montana43237Peri_04",72.15,69.54,2.61,1e-04,8e-04,0.002,4e-04,5e-04,7e-04,0.0014,0.0025,0.001,0.0011,0.238,77.021,90,0.09,6.93189,"0.034334071",0.22118,-0.1422,0.51175,0.034334071,NA,0.073825465,NA,"-0.02099716","0.094487218","0.002248593",NA,""
"97",17,"Montana",2018-11-13,"Peri_01","Montana43417Peri_01",66.88,64.77,2.11,0.0019,0.0038,0.0053,0.0032,0.0027,0.0023,0.0038,0.005,0.0033,0.0029,0.6307,109.268,120,0.12,13.11216,"0.048100389",0.48755,0.08532,1.0235,0.048100389,NA,0.078057315,NA,"0.00666023","0.071042452","0.002743255",NA,""
"98",18,"Montana",2018-04-17,"Peri_03","Montana43207Peri_03",70.09,67.83,2.26,0.0065,0.0088,0.0094,0.0097,0.008,0.0127,0.0169,0.0165,0.0177,0.0152,1.1186,84.4,90,0.09,7.596,"0.147261717",0.71812,-2.01924,3.37755,0.147261717,NA,0.444648499,NA,"-0.27209189","0.714720247","-0.005208926",NA,""
"99",19,"Montana",2018-04-17,"Peri_02","Montana43207Peri_02",67.27,63.94,3.33,0.004,0.0071,0.0073,0.0078,0.0056,0.0051,0.0082,0.008,0.009,0.0067,0.8687,107.887,50,0.05,5.39435,"0.161038865",0.55649,-0.19908,1.6376,0.161038865,NA,0.303576891,NA,"-0.037774709","0.339972379","0.004889931",NA,""
"100",20,"Montana",2018-04-17,"Peri_01","Montana43207Peri_01",73.97,70.91,3.06,0.0047,0.0077,0.0081,0.0081,0.0063,0.0057,0.0087,0.0089,0.0093,0.0072,0.9639,111.443,80,0.08,8.91544,"0.108115808",0.62369,-0.22752,1.82183,0.108115808,NA,0.204345495,NA,"-0.026120977","0.229538082","0.003227659",NA,""
"101",21,"Montana",2018-06-12,"Peri_01","Montana43263Peri_01",110.29,105.77,4.52,0,0.0078,0.0165,0.0046,0.0017,0.0015,0.0077,0.0156,0.0046,0.0019,1.9635,145.705,140,0.14,20.3987,"0.096256134",1.81347,0.25596,3.19332,0.096256134,NA,0.15654527,NA,"0.012843466","0.142990583","0.008816738",NA,""
"102",22,"Montana",2019-01-17,"Peri_01","Montana43482Peri_01",91.93,88.85,3.08,0.0033,0.0043,0.0044,0.0038,0.0033,0.0037,0.0044,0.0047,0.0041,0.0037,0.5236,57.573,240,0.24,13.81752,"0.03789392",0.33526,-0.08532,0.96209,0.03789392,NA,0.069628269,NA,"-0.006320237","0.075632168","0.000607417",NA,""
"103",23,"Montana",2019-01-17,"Peri_02","Montana43482Peri_02",79.9,75.69,4.21,0.0018,0.0029,0.0036,0.0025,0.0018,0.0025,0.0035,0.004,0.0029,0.0023,0.4284,55.288,300,0.3,16.5864,"0.02582839",0.31754,-0.11376,0.8188,0.02582839,NA,0.049365745,NA,"-0.007020209","0.056161675","0.00079517",NA,""
"104",24,"Montana",2019-01-17,"Peri_03","Montana43482Peri_03",81.05,73.07,7.98,0.001,0.0022,0.0034,0.0014,9e-04,0.0016,0.0025,0.0035,0.0017,0.0013,0.4046,98.906,120,0.12,11.86872,"0.034089607",0.3376,-0.02844,0.71645,0.034089607,NA,0.060364555,NA,"-0.002452665","0.06254297","0.001818393",NA,""
"105",25,"Montana",2018-11-13,"Peri_03","Montana43417Peri_03",88.44,85.78,2.66,0.0017,0.0028,0.0037,0.0023,0.0015,0.0016,0.0025,0.0033,0.0017,0.0013,0.4403,100.487,140,0.14,14.06818,"0.031297581",0.34045,0.11376,0.67551,0.031297581,NA,0.048016872,NA,"0.008276835","0.039521886","0.001789784",NA,""
"106",26,"Peterson",2018-09-11,"Peri_02","Peterson43354Peri_02",75.09,72.71,2.38,0.0021,0.0107,0.0199,0.0064,0.0029,0.0024,0.0102,0.0183,0.006,0.003,2.3681,156.476,60,0.06,9.38856,"0.252232504",2.11445,0.45504,3.74601,0.252232504,NA,0.39899729,NA,"0.049609312","0.347575241","0.022349008",NA,""
"107",27,"Peterson",2018-05-16,"Peri_02","Peterson43236Peri_02",69.14,67.11,2.03,0.0014,0.0106,0.025,0.0065,0.0027,0.0016,0.0098,0.0229,0.0059,0.0027,2.975,109.31,60,0.06,6.5586,"0.453602903",2.8003,0.59724,4.68763,0.453602903,NA,0.714730278,NA,"0.093207392","0.618275699","0.042778337",NA,""
"108",28,"Peterson",2018-05-16,"Peri_03","Peterson43236Peri_03",72.17,70.49,1.68,0.0015,0.008,0.018,0.0053,0.0027,0.0015,0.0073,0.0161,0.0047,0.0021,2.142,129.276,60,0.06,7.75656,"0.276153346",1.9868,0.54036,3.29567,0.276153346,NA,0.424888095,NA,"0.071306094","0.351651634","0.025505508",NA,""
"109",29,"Peterson",2018-06-13,"Peri_04","Peterson43264Peri_04",80.34,74.6,5.74,0.0015,0.1039,0.1965,0.0488,0.0082,0.0025,0.0922,0.1664,0.0403,0.0085,23.3835,203.129,40,0.04,8.12516,"2.877912558",21.30517,8.56044,34.06208,2.877912558,NA,4.192173446,NA,"1.078392302","3.094735119","0.28627867",NA,""
"110",30,"Peterson",2018-06-13,"Peri_02","Peterson43264Peri_02",77.89,73.66,4.23,0.0024,0.0492,0.094,0.0246,0.006,0.0029,0.0437,0.0805,0.0207,0.0059,11.186,169.725,60,0.06,10.1835,"1.098443561",10.17912,3.8394,16.47835,1.098443561,NA,1.618142093,NA,"0.385903668","1.224886827","0.107260667",NA,""
"111",31,"Herbert",2018-10-22,"Peri_01","Herbert43395Peri_01",80.67,78.81,1.86,2e-04,0.0048,0.0072,0.0029,0.0012,0.0025,0.056,0.0075,0.0037,0.0023,0.8568,125.018,90,0.09,11.25162,"0.076149035",0.72078,-0.08532,1.53525,0.076149035,NA,0.136447018,NA,"-0.007761549","0.143588657","0.005008434",NA,""
"112",32,"Peterson",2018-05-16,"Peri_04","Peterson43236Peri_04",74.87,73.31,1.56,0.0035,0.0108,0.0201,0.0079,0.0045,0.0044,0.0107,0.0187,0.0081,0.0052,2.3919,107.97,60,0.06,6.4782,"0.369222932",2.10957,0.39816,3.82789,0.369222932,NA,0.590887901,NA,"0.06290945","0.525293909","0.029057917",NA,""
"113",33,"Peterson",2018-07-11,"Peri_02","Peterson43292Peri_02",102.64,91.88,10.76,0.0024,0.2108,0.472,0.106,0.0154,0.0044,0.1953,0.4275,0.0445,0.0167,56.168,253.971,40,0.04,10.15884,"5.528977718",52.99628,12.6558,87.50925,5.528977718,NA,8.614098657,NA,"1.275140666","7.299822125","0.551886239",NA,""
"114",34,"Peterson",2018-07-11,"Peri_05","Peterson43292Peri_05",126.08,102.21,23.87,0.003,0.2752,0.644,0.1422,0.0213,0.0057,0.2597,0.598,0.1308,0.0232,76.636,239.722,60,0.06,14.38332,"5.328116179",72.86326,13.0824,122.4106,5.328116179,NA,8.510594216,NA,"0.930981164","7.540947431","0.53208974",NA,""
"115",35,"Peterson",2018-07-11,"Peri_01","Peterson43292Peri_01",87.06,81.67,5.39,0.0019,0.0736,0.163,0.0386,0.0097,0.0036,0.0697,0.151,0.0364,0.0111,19.397,181.803,60,0.06,10.90818,"1.778206814",18.19036,3.4128,30.9097,1.778206814,NA,2.833625774,NA,"0.32023674","2.50051521","0.175208513",NA,""
"116",36,"Herbert",2018-07-12,"Peri_02","Herbert43293Peri_02",116.11,112.04,4.07,0.0032,0.0297,0.0462,0.022,0.0086,0.0042,0.0288,0.0431,0.0222,0.0092,5.4978,267.43,210,0.21,56.1603,"0.097894776",4.6611,0.88164,8.82257,0.097894776,NA,0.157096205,NA,"0.016068468","0.140314012","0.008966832",NA,""
"117",37,"Herbert",2018-09-13,"Peri_03","Herbert43356Peri_03",86.91,85.52,1.39,0.0011,0.0051,0.0072,0.0029,0.0014,0.0035,0.0074,0.0091,0.0052,0.0036,0.8568,168.45,160,0.16,26.952,"0.031789849",0.70374,-0.54036,1.86277,0.031789849,NA,0.069114351,NA,"-0.020521297","0.089321646","0.001646",NA,""
"118",38,"Herbert",2019-01-16,"Peri_01","Herbert43481Peri_01",89.62,85.79,3.83,0.0044,0.0065,0.0078,0.0061,0.0048,0.0058,0.0082,0.0093,0.0078,0.0064,0.9282,297.709,50,0.05,14.88545,"0.062356193",0.66296,-0.4266,1.90371,0.062356193,NA,0.127890658,NA,"-0.029334014","0.156643635","0.001610969",NA,""
"119",39,"Herbert",2019-01-16,"Peri_02","Herbert43481Peri_02",82.49,79.67,2.82,0.0087,0.0129,0.0128,0.0134,0.01,0.0092,0.0129,0.0125,0.0133,0.0103,1.5232,145.642,60,0.06,8.73852,"0.174308693",0.95208,0.08532,2.55875,0.174308693,NA,0.292812742,NA,"0.009993683","0.281488742","0.004939509",NA,""
"120",40,"Herbert",2019-01-16,"Peri_03","Herbert43481Peri_03",94.87,91.02,3.85,0.0129,0.0183,0.0184,0.0187,0.0148,0.0167,0.0219,0.0217,0.0226,0.0186,2.1896,278.645,60,0.06,16.7187,"0.130967121",1.3719,-0.93852,4.44199,0.130967121,NA,0.265689916,NA,"-0.057458415","0.321941239","0.001219174",NA,""
"121",41,"Montana",2018-07-10,"Peri_04","Montana43291Peri_04",89.22,85.78,3.44,7e-04,0.0084,0.0181,0.0049,0.0018,0.0051,0.012,0.0204,0.0088,0.0058,2.1539,162.218,100,0.1,16.2218,"0.132778113",1.99743,-0.65412,4.17588,0.132778113,NA,0.25742396,NA,"-0.041273472","0.297527895","0.009608675",NA,""
"122",42,"Montana",2018-07-10,"Peri_05","Montana43291Peri_05",84.44,81.84,2.6,2e-04,0.0137,0.0278,0.0066,9e-04,0.0042,0.0166,0.029,0.0099,0.0048,3.3082,107.177,100,0.1,10.7177,"0.308666971",3.06368,-0.34128,5.9363,0.308666971,NA,0.553878164,NA,"-0.032592814","0.58395458","0.02640156",NA,""
"123",43,"Herbert",2018-09-13,"Peri_04","Herbert43356Peri_04",77.28,76.25,1.03,0.0011,0.0045,0.0051,0.0026,0.0014,0.005,0.0085,0.0088,0.0067,0.0053,0.6069,251.683,180,0.18,45.30294,"0.013396482",0.45159,-1.05228,1.80136,0.013396482,NA,0.039762541,NA,"-0.023774837","0.063356727","2.65E-05",NA,""
"124",44,"Herbert",2018-07-12,"Peri_01","Herbert43293Peri_01",82.13,79.58,2.55,0.0013,0.019,0.0294,0.011,0.0036,0.0052,0.0227,0.033,0.0148,0.0075,3.4986,317.538,70,0.07,22.22766,"0.157398485",2.99242,-1.02384,6.7551,0.157398485,NA,0.303905134,NA,"-0.047146663","0.349671085","0.013053916",NA,""
"125",45,"Herbert",2018-07-12,"Peri_05","Herbert43293Peri_05",130.99,129.31,1.68,0.0021,0.0082,0.0146,0.0053,0.0026,0.0065,0.0138,0.0198,0.0114,0.0086,1.7374,289.588,200,0.2,57.9176,"0.02999779",1.52764,-1.47888,4.05306,0.02999779,NA,0.069979764,NA,"-0.026135751","0.095797581","0.001676848",NA,""
"126",46,"Steep",NA,"Peri_01_B","Steep43234Peri_01_B",NA,NA,0,0.0018,0.011,0.0248,0.0073,0.0028,0.0112,0.021,0.0341,0.0209,0.0193,2.9512,173.444,80,0.08,13.87552,"0.212691128",2.75438,-2.64492,6.98027,0.212691128,NA,0.503063669,NA,"-0.195108364","0.695886497","0.01175192",NA,"AFDM Not Available"
"127",47,"Steep",2018-05-14,"Peri_03","Steep43234Peri_03",160.85,154.34,6.51,0.0022,0.02,0.0468,0.0128,0.0041,0.0178,0.0224,0.0487,0.017,0.0099,5.5692,255.431,60,0.06,15.32586,"0.363385807",5.25206,-0.54036,9.96889,0.363385807,NA,0.65046203,NA,"-0.036088676","0.683595505","0.022687797",NA,""
"128",48,"Steep",2019-01-14,"Peri_02","Steep43479Peri_02",95.81,93.25,2.56,0.0024,0.0164,0.0313,0.0098,0.0038,0.0175,0.0241,0.0389,0.0194,0.018,3.7247,79.144,100,0.1,7.9144,"0.470623168",3.35825,-2.16144,7.96283,0.470623168,NA,1.006119226,NA,"-0.279536036","1.281084226","0.020906449",NA,""
"129",49,"Steep",2019-01-14,"Peri_05","Steep43479Peri_05",76.75,75.26,1.49,0.0023,0.0094,0.0167,0.0062,0.0033,7e-04,0.0069,0.0135,0.0045,0.0023,1.9873,95.669,120,0.12,11.48028,"0.173105534",1.74085,0.91008,2.76345,0.173105534,NA,0.24071277,NA,"0.081140878","0.158478278","0.016710394",NA,""
"130",50,"Montana",2018-09-12,"Peri_05","Montana43355Peri_05",98.46,94.44,4.02,0.0047,0.0099,0.0131,0.0076,0.0051,0.008,0.0131,0.0159,0.0108,0.0085,1.5589,93.541,120,0.12,11.22492,"0.138878495",1.20933,-0.79632,3.25473,0.138878495,NA,0.289955741,NA,"-0.072613435","0.36125184","0.005447611",NA,""
"131",51,"Peterson",2018-08-15,"Peri_01","Peterson43327Peri_01",93.04,88.42,4.62,0.0063,0.0131,0.0164,0.0106,0.0076,0.0066,0.0126,0.0154,0.0096,0.0073,1.9516,186.678,120,0.12,22.40136,"0.087119711",1.46156,0.2844,3.15238,0.087119711,NA,0.140722706,NA,"0.012994747","0.127088623","0.005245307",NA,""
"132",52,"Peterson",2018-11-09,"Peri_05","Peterson43413Peri_05",75.91,73.92,1.99,0.0049,0.0157,0.0293,0.011,0.0067,0.0038,0.0135,0.0259,0.0086,0.0046,3.4867,107.063,80,0.08,8.56504,"0.407085081",3.07435,0.96696,5.30173,0.407085081,NA,0.618996525,NA,"0.115555794","0.500628485","0.035696856",NA,""
"133",53,"Peterson",2018-11-09,"Peri_03","Peterson43413Peri_03",75.6,73.53,2.07,0.0095,0.0242,0.0151,0.0059,0.0033,8e-04,0.0055,0.011,0.0028,9e-04,1.7969,118.219,60,0.06,7.09314,"0.253329273",0.85907,1.16604,2.2517,0.253329273,NA,0.317447562,NA,"0.168262575","0.147742749","0.024172228",NA,""
"134",54,"Peterson",2018-09-11,"Peri_01","Peterson43354Peri_01",72,70.02,1.98,0.0011,0.0044,0.0086,0.0026,0.0012,6e-04,0.0032,0.0073,0.0014,3e-04,1.0234,214.457,60,0.06,12.86742,"0.079534203",0.92474,0.36972,1.49431,0.079534203,NA,0.116131284,NA,"0.029409936","0.086193736","0.007454486",NA,""
"135",55,"Peterson",2018-09-11,"Peri_04","Peterson43354Peri_04",82.96,81.15,1.81,0.0034,0.0095,0.0177,0.0069,0.004,0.002,0.0066,0.0137,0.0044,0.0026,2.1063,216.412,60,0.06,12.98472,"0.16221374",1.85747,1.1376,2.80439,0.16221374,NA,0.215976163,NA,"0.089674633","0.1253203","0.014497271",NA,""
"136",56,"Peterson",2018-04-20,"Peri_02","Peterson43210Peri_02",94.1,91.55,2.55,0.004,0.0113,0.0152,0.0073,0.0042,0.0085,0.0168,0.0205,0.0144,0.0116,1.8088,132.154,100,0.1,13.2154,"0.136870621",1.44062,-1.50732,4.19635,0.136870621,NA,0.317534846,NA,"-0.116744858","0.432837069","0.006078741",NA,""
"137",57,"Peterson",2018-04-20,"Peri_03","Peterson43210Peri_03",87.17,83.48,3.69,0.0025,0.0114,0.0206,0.0069,0.0032,0.0098,0.0154,0.0225,0.0103,0.0072,2.4514,167.894,60,0.06,10.07364,"0.243347985",2.17092,-0.54036,4.60575,0.243347985,NA,0.457208119,NA,"-0.054904682","0.510035598","0.012854539",NA,""
"138",58,"Peterson",2019-04-05,"Peri_02","Peterson43560Peri_02",76.12,74.67,1.45,0.0033,0.0125,0.0197,0.0074,0.0036,0.0032,0.0119,0.0184,0.0073,0.004,2.3443,247.982,60,0.06,14.87892,"0.157558479",1.99493,0.36972,3.76648,0.157558479,NA,0.253142029,NA,"0.02543397","0.226557976","0.013296328",NA,""
"139",59,"Peterson",2018-08-15,"Peri_03","Peterson43327Peri_03",105.01,99.11,5.9,0.0048,0.0086,0.0114,0.0096,0.0052,0.0127,0.0206,0.0243,0.0069,0.0052,1.3566,210.842,120,0.12,25.30104,"0.053618349",1.04162,-3.66876,4.97421,0.053618349,NA,0.196601009,NA,"-0.148420381","0.344128186","-0.000616062",NA,""
"140",60,"Peterson",2018-08-15,"Peri_02","Peterson43327Peri_02",102.21,99.53,2.68,0.0139,0.0189,0.021,0.0241,0.0152,0.0045,0.0061,0.006,0.005,0.0041,2.499,143.679,120,0.12,17.24148,"0.144941154",1.6866,4.266,1.2282,0.144941154,NA,0.071235184,NA,"0.253255521","-0.182343975","0.011474363",NA,""
"141",61,"Montana",2018-08-17,"Peri_04","Montana43329Peri_04",95.59,88.55,7.04,7e-04,0.0095,0.0166,0.0054,0.0021,0.0015,0.0089,0.0152,0.0051,0.0019,1.9754,76.589,400,0.4,30.6356,"0.064480539",1.74344,0.39816,3.11144,0.064480539,NA,0.101562888,NA,"0.013302824","0.087798639","0.005909759",NA,""
"142",62,"Montana",2018-08-17,"Peri_03","Montana43329Peri_03",73.68,70.91,2.77,0.0031,0.0047,0.0053,0.0044,0.0034,0.0025,0.0039,0.0044,0.0036,0.0027,0.6307,77.488,160,0.16,12.39808,"0.05087078",0.43541,0.25596,0.90068,0.05087078,NA,0.072646732,NA,"0.021131498","0.051185184","0.002707839",NA,""
"143",63,"Peterson",2018-11-09,"Peri_04","Peterson43413Peri_04",88.11,86.08,2.03,0.0029,0.0126,0.0193,0.0074,0.0034,0.0021,0.0103,0.0153,0.0054,0.0024,2.2967,124.663,80,0.08,9.97304,"0.230290864",1.94073,1.1376,3.13191,0.230290864,NA,0.314037645,NA,"0.116754771","0.195856128","0.020678549",NA,""
"144",64,"Peterson",2019-01-15,"Peri_01","Peterson43480Peri_01",72.65,70.17,2.48,0.0014,0.0093,0.0151,0.0049,0.002,0.0011,0.0083,0.0135,0.0041,0.0014,1.7969,114.806,60,0.06,6.88836,"0.26086035",1.55457,0.45504,2.76345,0.26086035,NA,0.401176768,NA,"0.067615514","0.331738614","0.024368645",NA,""
"145",65,"Peterson",2018-04-20,"Peri_05","Peterson43210Peri_05",79.58,77.35,2.23,0.0034,0.0074,0.0093,0.0054,0.0038,0.0026,0.0063,0.0079,0.0045,0.0031,1.1067,222.165,40,0.04,8.8866,"0.124535818",0.83861,0.39816,1.61713,0.124535818,NA,0.181973983,NA,"0.045860059","0.135287174","0.00903979",NA,""
"146",66,"Montana",2018-10-18,"Peri_05","Montana43391Peri_05",76.72,73.2,3.52,0.0028,0.0059,0.0101,0.0046,0.0031,0.0033,0.0063,0.0098,0.0051,0.0035,1.2019,83.338,200,0.2,16.6676,"0.072109962",1.02443,0.08532,2.00606,0.072109962,NA,0.12035686,NA,"0.005239507","0.114570544","0.004891646",NA,""
"147",67,"Montana",2018-09-12,"Peri_04","Montana43355Peri_04",121.82,116.56,5.26,0.0014,0.0068,0.0129,0.0041,0.0019,0.001,0.0054,0.0103,0.0029,0.0013,1.5351,118.832,120,0.12,14.25984,"0.107651979",1.37645,0.73944,2.10841,0.107651979,NA,0.147856498,NA,"0.053076332","0.094108419","0.010005792",NA,""
"148",68,"Peterson",2019-04-05,"Peri_03","Peterson43560Peri_03",100.8,97.87,2.93,0.0026,0.0162,0.0233,0.0089,0.0036,0.0024,0.0154,0.0219,0.008,0.0035,2.7727,162.216,60,0.06,9.73296,"0.284877365",2.30703,0.39816,4.48293,0.284877365,NA,0.460592667,NA,"0.041872154","0.416627932","0.025746638",NA,""
"149",69,"Montana",2018-08-17,"Peri_05","Montana43329Peri_05",71.27,69,2.27,0.0066,0.0094,0.01,0.0093,0.0077,0.0042,0.0058,0.0062,0.0057,0.0043,1.19,65.464,170,0.17,11.12888,"0.106928999",0.77572,1.08072,1.26914,0.106928999,NA,0.114040227,NA,"0.099397244","0.014124872","0.006248787",NA,""
"150",70,"Peterson",2019-04-05,"Peri_01","Peterson43560Peri_01",81.56,79.82,1.74,0.0029,0.0101,0.0137,0.0062,0.0033,7e-04,0.0057,0.0073,0.0021,4e-04,1.6303,251.872,60,0.06,15.11232,"0.10787887",1.31051,1.82016,1.49431,0.10787887,NA,0.098880251,NA,"0.123279549","-0.024848534","0.010314101",NA,""
"151",71,"Montana",2018-10-18,"Peri_04","Montana43391Peri_04",83.94,81.02,2.92,9e-04,0.0095,0.0237,0.0055,0.0018,0.0014,0.0084,0.0209,0.0048,0.0018,2.8203,123.839,100,0.1,12.3839,"0.227739242",2.69231,0.79632,4.27823,0.227739242,NA,0.345467098,NA,"0.065817715","0.278079846","0.021590694",NA,""
"152",72,"Montana",2018-10-18,"Peri_02","Montana43391Peri_02",82.29,79.36,2.93,0.0011,0.0026,0.005,0.0017,9e-04,0.0012,0.0025,0.0047,0.0017,9e-04,0.595,107.196,100,0.1,10.7196,"0.055505802",0.53234,0.08532,0.96209,0.055505802,NA,0.08975055,NA,"0.008146759","0.081196033","0.004250345",NA,""
"153",73,"Montana",2018-09-12,"Peri_03","Montana43355Peri_03",91.18,87.28,3.9,9e-04,0.0038,0.005,0.0022,9e-04,0.002,0.0045,0.0055,0.003,0.0017,0.595,92.909,120,0.12,11.14908,"0.053367632",0.4784,-0.1422,1.12585,0.053367632,NA,0.100981426,NA,"-0.013054889","0.113577533","0.003226275",NA,""
"154",74,"Montana",2019-04-03,"Peri_04","Montana43558Peri_04",80.8,78.71,2.09,0.0012,0.0026,0.0039,0.0017,0.001,0.0072,0.0087,0.0099,0.0079,0.0071,0.4641,96.611,140,0.14,13.52554,"0.034312863",0.38441,-1.7064,2.02653,0.034312863,NA,0.149829877,NA,"-0.129133476","0.278282642","-0.002925355",NA,""
"155",75,"Montana",2019-04-03,"Peri_02","Montana43558Peri_02",63.92,62.18,1.74,0.0043,0.0065,0.0074,0.0062,0.0047,0.0043,0.006,0.0069,0.0057,0.0045,0.8806,87.757,120,0.12,10.53084,"0.08362106",0.6116,0.1422,1.41243,0.08362106,NA,0.134123204,NA,"0.01382131","0.119692541","0.003529538",NA,""
"156",76,"Montana",2018-07-10,"Peri_03","Montana43291Peri_03",79.89,77.24,2.65,5e-04,0.0071,0.0178,0.004,0.001,0.0015,0.0075,0.0172,0.0045,0.002,2.1182,90.117,130,0.13,11.71521,"0.180807685",2.0297,0.17064,3.52084,0.180807685,NA,0.300535799,NA,"0.014908824","0.284261571","0.01668233",NA,""
"157",77,"Montana",2018-06-12,"Peri_04","Montana43263Peri_04",97.53,92.88,4.65,1e-04,0.0032,0.0058,0.0018,5e-04,0.0012,0.0033,0.0055,0.0024,0.001,0.6902,87.381,80,0.08,6.99048,"0.098734279",0.61856,0.08532,1.12585,0.098734279,NA,0.161054749,NA,"0.012492704","0.147830335","0.007889873",NA,""
"158",78,"Montana",2018-06-12,"Peri_01","Montana43263Peri_01",110.29,105.77,4.52,0.0012,0.004,0.0066,0.0027,0.0014,0.0017,0.0042,0.0064,0.0028,0.0017,0.7854,145.705,140,0.14,20.3987,"0.038502454",0.6736,0.05688,1.31008,0.038502454,NA,0.064223701,NA,"0.002854103","0.061077814","0.002880135",NA,""
"159",79,"Herbert",2018-05-15,"Peri_05","Herbert43235Peri_05",85.59,83.28,2.31,6e-04,0.0026,0.0058,0.0018,7e-04,0.0015,0.0031,0.0058,0.0024,0.0013,0.6902,190.118,140,0.14,26.61652,"0.025931264",0.6422,0,1.18726,0.025931264,NA,0.044606132,NA,"0","0.044403476","0.00193703",NA,""
"160",80,"Herbert",2018-11-12,"Peri_03","Herbert43416Peri_03",142.34,139.77,2.57,0.0129,0.0186,0.0178,0.0192,0.015,0.0127,0.0178,0.0171,0.0185,0.0143,2.1182,361.941,200,0.2,72.3882,"0.029261675",1.27542,0.19908,3.50037,0.029261675,NA,0.048355533,NA,"0.002814962","0.045320881","0.000844737",NA,""
"161",81,"Herbert",2018-11-12,"Peri_02","Herbert43416Peri_02",84.01,82.18,1.83,0.0029,0.0046,0.0059,0.0047,0.0043,0.0056,0.0077,0.0096,0.0081,0.0083,0.7021,335.463,200,0.2,67.0926,"0.010464641",0.50419,-1.05228,1.96512,0.010464641,NA,0.029289668,NA,"-0.016053484","0.045210083","5.36E-05",NA,""
"162",82,"Herbert",2018-11-12,"Peri_04","Herbert43416Peri_04",105.25,101.91,3.34,0.0153,0.0224,0.0219,0.0237,0.0186,0.0178,0.0256,0.0257,0.0273,0.023,2.6061,313.166,150,0.15,46.9749,"0.055478564",1.58861,-1.08072,5.26079,0.055478564,NA,0.11199151,NA,"-0.02354832","0.135031027","0.001046495",NA,""
"163",83,"Montana",2019-04-03,"Peri_01","Montana43558Peri_01",79.35,76.3,3.05,0.0019,0.0033,0.0048,0.0029,0.0029,0.0028,0.0044,0.0064,0.0046,0.0053,0.5712,92.949,120,0.12,11.15388,"0.051210879",0.44004,-0.45504,1.31008,0.051210879,NA,0.117455092,NA,"-0.041757666","0.158679132","0.002149925",NA,""
"164",84,"Herbert",2018-08-16,"Peri_02","Herbert43328Peri_02",67.8,67.04,0.76,2e-04,6e-04,0.0012,7e-04,0.0011,9e-04,0.0015,0.0026,0.0018,0.0026,0.1428,138.902,120,0.12,16.66824,"0.008567191",0.11364,-0.39816,0.53222,0.008567191,NA,0.031930186,NA,"-0.024450092","0.056235211","0.0002158",NA,""
"165",85,"Herbert",2018-06-14,"Peri_05","Herbert43265Peri_05",93.98,91.38,2.6,7e-04,0.0172,0.031,0.0088,0.0029,6e-04,0.0149,0.0254,0.006,0.0039,3.689,166.547,300,0.3,49.9641,"0.073833012",3.29728,1.59264,5.19938,0.073833012,NA,0.104062317,NA,"0.032626626","0.070962911","0.007295158",NA,""
"166",86,"Herbert",2018-05-15,"Peri_03","Herbert43235Peri_03",103.07,100.24,2.83,0.001,0.0034,0.0068,0.0029,0.0018,0.0031,0.0057,0.009,0.006,0.0058,0.8092,145.105,110,0.11,15.96155,"0.050696831",0.72046,-0.62568,1.8423,0.050696831,NA,0.115421121,NA,"-0.04012267","0.155019406","0.002779367",NA,""
"167",87,"Herbert",NA,"Peri_04","Herbert43209Peri_04",76.89,71.94,4.95,4e-04,0.0016,0.0043,0.0012,0.001,1e-04,0.0018,0.0044,0.0016,0.0023,0.5117,257.54,30,0.03,7.7262,"0.066229194",0.48247,-0.02844,0.90068,0.066229194,NA,0.116574772,NA,"-0.0037677","0.119812845","0.006517822",NA,""
"168",88,"Herbert",NA,"Peri_01","Herbert43209Peri_01",72.63,67.39,5.24,7e-04,0.0011,0.0019,0.001,0.001,0.005,0.0012,0.0026,0.0013,0.0019,0.2261,398.777,25,0.025,9.969425,"0.022679342",0.18599,-0.19908,0.53222,0.022679342,NA,0.053385225,NA,"-0.020439494","0.073582178","-0.003728299",NA,""
"169",89,"Herbert",NA,"Peri_01","Herbert43265Peri_01",108.83,106.91,1.92,2e-04,0.0028,0.0055,0.0014,9e-04,0.0012,0.0045,0.0076,0.004,0.0038,0.6545,99.639,300,0.3,29.8917,"0.02189571",0.58957,-0.59724,1.55572,0.02189571,NA,0.052045217,NA,"-0.020450827","0.07225959","0.001724793",NA,""
"170",90,"Herbert",NA,"Peri_05","Herbert43356Peri_05",94.04,92.21,1.83,7e-04,0.0051,0.0051,0.0022,0.0024,8e-04,0.0027,0.0043,0.0022,0.0024,0.6069,164.87,340,0.34,56.0558,"0.010826712",0.40683,0.22752,0.88021,0.010826712,NA,0.015702389,NA,"0.004154432","0.011476618","0.000919744",NA,""
"171",91,"Herbert",NA,"Peri_02","Herbert43209Peri_02",74.78,71.51,3.27,0.0014,0.0022,0.0035,0.0017,0.0043,0.0034,0.0044,0.0055,0.0048,0.0057,0.4165,373.002,30,0.03,11.19006,"0.037220533",0.29191,-0.5688,1.12585,0.037220533,NA,0.100611614,NA,"-0.052028318","0.15218283","0.000107149",NA,""
"172",92,"Herbert",2018-08-16,"Peri_04","Herbert43328Peri_04",80.65,79.02,1.63,0.0028,0.0082,0.0138,0.0081,0.0066,0.0046,0.0093,0.0144,0.009,0.007,1.6422,190.647,120,0.12,22.87764,"0.07178188",1.3534,-0.17064,2.94768,0.07178188,NA,0.128845458,NA,"-0.007634529","0.135894612","0.004821651",NA,""
"173",93,"Herbert",2018-08-16,"Peri_03","Herbert43328Peri_03",88.64,87.23,1.41,0.0028,0.0096,0.0177,0.0084,0.0064,0.0035,0.0098,0.0173,0.0088,0.007,2.1063,362.881,30,0.03,10.88643,"0.193479405",1.81209,0.11376,3.54131,0.193479405,NA,0.325295804,NA,"0.010695885","0.313122024","0.01563947",NA,""
"174",94,"Herbert",2018-06-14,"Peri_02","Herbert43265Peri_02",110.33,108.57,1.76,0.0021,0.0047,0.0075,0.0044,0.0047,0.0027,0.0051,0.0077,0.0048,0.0051,0.8925,124.82,360,0.36,44.9352,"0.019861935",0.70517,-0.05688,1.57619,0.019861935,NA,0.035076955,NA,"-0.001295644","0.036213236","0.001280778",NA,""
"175",95,"Steep",2018-09-10,"Peri_03","Steep43353Peri_03",111.24,107.84,3.4,0.0026,0.0209,0.0474,0.0135,0.0068,0.003,0.0194,0.0431,0.0126,0.0073,5.6406,180.309,120,0.12,21.63708,"0.260691369",5.24456,1.22292,8.82257,0.260691369,NA,0.40775234,NA,"0.057851152","0.348048674","0.024603874",NA,""
"176",96,"Herbert",2018-05-15,"Peri_02","Herbert43235Peri_02",113.52,109.33,4.19,0.0029,0.0073,0.0115,0.0066,0.0058,0.0031,0.0067,0.0105,0.0064,0.0058,1.3685,164.459,80,0.08,13.15672,"0.104015286",1.10143,0.2844,2.14935,0.104015286,NA,0.163365185,NA,"0.022125575","0.140497404","0.007655099",NA,""
"177",97,"Herbert",2019-04-05,"Peri_05","Herbert43560Peri_05",88.09,84.05,4.04,0.0024,0.0067,0.0084,0.0067,0.0074,0.0068,0.0109,0.0123,0.0107,0.0098,0.9996,343.168,40,0.04,13.72672,"0.072821475",0.68878,-1.10916,2.51781,0.072821475,NA,0.183424008,NA,"-0.082706575","0.265297245","0.001397566",NA,""
"178",98,"Steep",2018-11-07,"Peri_03","Steep43411Peri_03",147.36,138.3,9.06,0.0033,0.0088,0.0129,0.0084,0.0061,0.0035,0.0075,0.0096,0.0075,0.0058,1.5351,114.203,120,0.12,13.70436,"0.112015446",1.21555,0.93852,1.96512,0.112015446,NA,0.143393781,NA,"0.07009667","0.07264564","0.008224098",NA,""
"179",99,"Steep",2018-11-07,"Peri_05","Steep43411Peri_05",112.64,108.08,4.56,0.0036,0.037,0.0726,0.0224,0.0097,0.0044,0.0354,0.0674,0.0218,0.0104,8.6394,117.957,110,0.11,12.97527,"0.665835855",7.8208,1.47888,13.79678,0.665835855,NA,1.063313519,NA,"0.116661927","0.94182071","0.06302127",NA,""
"180",100,"Steep",2018-10-16,"Peri_04","Steep43389Peri_04",91.36,89.19,2.17,0.0029,0.0261,0.0393,0.0147,0.007,0.0032,0.0236,0.0326,0.0128,0.0066,4.6767,118.093,80,0.08,9.44744,"0.49502299",3.93027,1.90548,6.67322,0.49502299,NA,0.706352197,NA,"0.206444285","0.496698788","0.04581548",NA,""
"181",101,"Peterson",2019-01-15,"Peri_03","Peterson43480Peri_03",104.26,100.95,3.31,4e-04,0.0111,0.0191,0.0056,0.0018,0.0018,0.011,0.0183,0.0059,0.0025,2.2729,106.279,80,0.08,8.50232,"0.267327035",2.00871,0.22752,3.74601,0.267327035,NA,0.440586805,NA,"0.027390171","0.411194944","0.024396518",NA,""
"182",102,"Peterson",2019-01-15,"Peri_02","Peterson43480Peri_02",78.16,75.82,2.34,5e-04,0.0032,0.0046,0.0017,8e-04,0.0013,0.0037,0.0048,0.0022,0.0014,0.5474,133.119,60,0.06,7.98714,"0.06853517",0.4538,-0.05688,0.98256,0.06853517,NA,0.123017751,NA,"-0.007289217","0.12974807","0.004953838",NA,""
"183",103,"Steep",2018-04-18,"Peri_03","Steep43208Peri_03",100.45,94.34,6.11,0.0021,0.0225,0.0297,0.0118,0.0036,0.0029,0.0223,0.0279,0.0117,0.0042,3.5343,216.073,80,0.08,17.28584,"0.204462149",2.87457,0.51192,5.71113,0.204462149,NA,0.330393548,NA,"0.030312672","0.29857982","0.018589319",NA,""
"184",104,"Steep",2018-04-18,"Peri_04","Steep43208Peri_04",103.62,99.99,3.63,0.0013,0.0153,0.0371,0.0097,0.0026,0.0021,0.0144,0.0337,0.0093,0.0034,4.4149,191.81,80,0.08,15.3448,"0.287713102",4.19961,0.96696,6.89839,0.287713102,NA,0.449558808,NA,"0.064500026","0.383016331","0.027348027",NA,""
"185",105,"Steep",2018-08-13,"Peri_01","Steep43325Peri_01",181.75,173.85,7.9,0.0018,0.0921,0.1772,0.0448,0.0071,0.0026,0.0871,0.1618,0.0413,0.0075,21.0868,178.363,140,0.14,24.97082,"0.844457651",19.2903,4.37976,33.12046,0.844457651,NA,1.326366535,NA,"0.179527144","1.140813397","0.083836013",NA,""
"186",106,"Steep",2018-04-18,"Peri_05","Steep43208Peri_05",100.9,96.97,3.93,0.0018,0.0207,0.0289,0.0101,0.0021,0.0046,0.021,0.027,0.0112,0.0055,3.4391,137.17,90,0.09,12.3453,"0.278575652",2.87469,0.54036,5.5269,0.278575652,NA,0.447692644,NA,"0.044801665","0.400857006","0.023600642",NA,""
"187",107,"Steep",2018-11-07,"Peri_04","Steep43411Peri_04",130.18,125.02,5.16,0.0013,0.0443,0.0793,0.0213,0.0041,0.0013,0.0403,0.0696,0.0186,0.0037,9.4367,196.21,70,0.07,13.7347,"0.687069976",8.47805,2.75868,14.24712,0.687069976,NA,1.037308423,NA,"0.20558658","0.827009108","0.068091768",NA,""
"188",108,"Steep",2018-09-10,"Peri_02","Steep43353Peri_02",165.85,161.48,4.37,0.0015,0.0343,0.0756,0.0191,0.004,0.0018,0.0321,0.0693,0.017,0.0038,8.9964,217.392,240,0.24,52.17408,"0.172430448",8.43874,1.79172,14.18571,0.172430448,NA,0.271891905,NA,"0.035150213","0.235506424","0.016959801",NA,""
"189",109,"Steep",2018-05-14,"Peri_04","Steep43234Peri_04",81.05,78.48,2.57,0.0021,0.0131,0.0288,0.0087,0.0034,0.0028,0.0128,0.0267,0.0085,0.004,3.4272,162.248,70,0.07,11.35736,"0.301760268",3.18146,0.59724,5.46549,0.301760268,NA,0.481228912,NA,"0.053825009","0.425217568","0.02744828",NA,""
"190",110,"Steep",2018-08-13,"Peri_03","Steep43325Peri_03",110.67,106.43,4.24,0.0016,0.0417,0.0949,0.0232,0.0061,0.0022,0.0345,0.0754,0.0174,0.0056,11.2931,214.6,120,0.12,25.752,"0.438532929",10.63515,5.5458,15.43438,0.438532929,NA,0.599346847,NA,"0.22042754","0.376196334","0.043160648",NA,""
"191",111,"Steep",2018-10-16,"Peri_02","Steep43389Peri_02",76.56,74.42,2.14,7e-04,0.0197,0.00357,0.0107,0.0034,2e-04,0.0174,0.0317,0.0085,0.0021,0.42483,118.156,90,0.09,10.63404,"0.03995001",-0.468727,-8.000172,6.48899,0.03995001,NA,0.61020929,NA,"-0.770040643","1.37747761","0.003799713",NA,""
"192",112,"Steep",2018-10-16,"Peri_03","Steep43389Peri_03",80.48,78.43,2.05,0.0015,0.0048,0.0074,0.0032,0.0014,6e-04,0.0036,0.0056,0.0017,5e-04,0.8806,107.475,130,0.13,13.97175,"0.06302718",0.74406,0.51192,1.14632,0.06302718,NA,0.082045556,NA,"0.037502818","0.044169986","0.005835489",NA,""
"193",113,"Steep",2018-08-13,"Peri_02","Steep43325Peri_02",117.52,111.85,5.67,0.0017,0.0245,0.0554,0.0144,0.0042,6e-04,0.0195,0.0457,0.0104,0.003,6.5926,105.786,180,0.18,19.04148,"0.346223088",6.19082,2.75868,9.35479,0.346223088,NA,0.491284816,NA,"0.148290469","0.340762325","0.034506351",NA,""
"194",114,"Steep",2018-06-11,"Peri_05","Steep43262Peri_05",218.33,211.2,7.13,0.0029,0.0347,0.0697,0.0197,0.0076,0.0036,0.0323,0.0631,0.0184,0.008,8.2943,153.006,130,0.13,19.89078,"0.416992194",7.57427,1.87704,12.91657,0.416992194,NA,0.649374735,NA,"0.096590481","0.549833993","0.039844541",NA,""
"195",115,"Steep",2018-06-11,"Peri_03","Steep43262Peri_03",121.59,118.3,3.29,0.0024,0.0235,0.0474,0.0139,0.0047,6e-04,0.0202,0.0427,0.0109,0.0023,5.6406,151.725,100,0.1,15.1725,"0.371764706",5.16382,1.33668,8.74069,0.371764706,NA,0.576087659,NA,"0.090174329","0.483296029","0.03698349",NA,""
"196",116,"Steep",2018-06-11,"Peri_04","Steep43262Peri_04",174.28,166.62,7.66,0.0031,0.0227,0.046,0.0155,0.0068,5e-04,0.0168,0.036,0.0084,0.0017,5.474,118.109,120,0.12,14.17308,"0.386225154",4.97834,2.844,7.3692,0.386225154,NA,0.519943442,NA,"0.205389372","0.312191845","0.038491633",NA,""
"197",117,"Steep",2018-09-10,"Peri_01","Steep43353Peri_01",104.59,100.56,4.03,0.006,0.0299,0.0548,0.0186,0.0119,0.0011,0.0223,0.0443,0.0112,0.0027,6.5212,162.227,120,0.12,19.46724,"0.334983285",5.73554,2.9862,9.06821,0.334983285,NA,0.465818986,NA,"0.157009931","0.306692731","0.03307418",NA,""
"198",118,"Herbert",2019-04-05,"Peri_03","Herbert43560Peri_03",80.03,75.86,4.17,0.0044,0.009,0.0091,0.008,0.0061,0.0035,0.0069,0.0069,0.0057,0.004,1.0829,320.022,60,0.06,19.20132,"0.056397164",0.70125,0.62568,1.41243,0.056397164,NA,0.073559005,NA,"0.033352915","0.039871894","0.003496843",NA,""
"199",119,"Herbert",2019-04-05,"Peri_04","Herbert43560Peri_04",90.5,87.31,3.19,0.01,0.0078,0.0087,0.0081,0.006,0.0057,0.0093,0.0099,0.0089,0.0065,1.0353,240.762,60,0.06,14.44572,"0.071668287",0.70413,-0.34128,2.02653,0.071668287,NA,0.140285842,NA,"-0.024181557","0.163830048","0.002490011",NA,""
"200",120,"Herbert",2018-10-22,"Peri_05","Herbert43395Peri_05",69.17,68.18,0.99,0.0028,7e-04,7e-04,4e-04,1e-04,3e-04,4e-04,5e-04,3e-04,1e-04,0.0833,59.084,180,0.18,10.63512,"0.00783254",0.05989,0.05688,0.10235,0.00783254,NA,0.009623775,NA,"0.005474315","0.004105736","0.000450959",NA,""
"201",121,"Herbert",2018-10-22,"Peri_04","Herbert43395Peri_04",71.46,70.17,1.29,0.0075,0.0088,0.011,0.0101,0.0101,0.0086,0.0105,0.0114,0.0111,0.0101,1.309,119.166,120,0.12,14.29992,"0.091538974",0.89446,-0.11376,2.33358,0.091538974,NA,0.163188326,NA,"-0.008142703","0.170589626","0.002012319",NA,""
"202",122,"Steep",2018-08-13,"Peri_05","Steep43325Peri_05",141.77,132.63,9.14,0.0019,0.0579,0.1361,0.0335,0.0094,0.0043,0.0558,0.1279,0.0329,0.0119,16.1959,150.319,120,0.12,18.03828,"0.897862767",15.32715,2.33208,26.18113,0.897862767,NA,1.451420535,NA,"0.132330799","1.312495593","0.087607133",NA,"**Listed as Peri_06 on this spreadsheet?? Peri_05 missing"
"203",123,"Montana",2018-10-18,"Peri_04_B","Montana43391Peri_04_B",83.94,81.02,2.92,0.003,0.0123,0.0268,0.0089,0.0052,0.0047,0.0131,0.0265,0.0104,0.007,3.1892,123.839,100,0.1,12.3839,"0.257527919",2.92062,0.08532,5.42455,0.257527919,NA,0.438032445,NA,"0.007051898","0.428990463","0.021397056",NA,""
"204",124,"Montana",2018-11-13,"Peri_02_B","Montana43422Peri_02_B",86.78,84.2,2.58,0.0048,0.0076,0.0094,0.0076,0.0061,0.0071,0.0109,0.0165,0.0087,0.0081,1.1186,91.207,160,0.16,14.59312,"0.07665256",0.80416,-2.01924,3.37755,0.07665256,NA,0.231448107,NA,"-0.141629069","0.372025653","0.001889726",NA,""
"205",125,"Peterson",2018-09-11,"Peri_02_B","Peterson43354Peri_02_B",75.09,72.71,2.38,0.0059,0.0158,0.0251,0.0125,0.0081,0.005,0.0131,0.0213,0.0098,0.0059,2.9869,156.476,60,0.06,9.38856,"0.318142505",2.48819,1.08072,4.36011,0.318142505,NA,0.464406682,NA,"0.117822115","0.344474659","0.025669432",NA,""
"206",126,"Herbert",2018-10-22,"Peri_01_B","Herbert43395Peri_01_B",80.67,78.81,1.86,0.0041,0.0085,0.011,0.0074,0.0053,0.0033,0.0069,0.0089,0.0058,0.0043,1.309,125.018,90,0.09,11.25162,"0.116338803",0.98992,0.59724,1.82183,0.116338803,NA,0.161917128,NA,"0.054330843","0.106850658","0.008205307",NA,""
"207",127,"Herbert",2018-07-12,"Peri_02_B","Herbert43293Peri_02_B",116.11,112.04,4.07,0.0084,0.0334,0.0494,0.0264,0.0135,0.0052,0.0299,0.0443,0.0249,0.0116,5.8786,267.43,210,0.21,56.1603,"0.104675367",4.83652,1.45044,9.06821,0.104675367,NA,0.161470113,NA,"0.026435222","0.134301295","0.009436524",NA,""
"208",128,"Peterson",2018-11-09,"Peri_03_B","Peterson43413Peri_03_B",75.6,73.53,2.07,0.0084,0.0156,0.022,0.0117,0.0128,0.0056,0.0114,0.017,0.0096,0.007,2.618,118.219,60,0.06,7.09314,"0.369089007",2.00298,1.422,3.4799,0.369089007,NA,0.490600778,NA,"0.205198262","0.283173602","0.027721996",NA,""
"209",129,"Montana",2018-05-17,"Peri_01_B","Montana43237Peri_01_B",75.18,73.06,2.12,0.0091,0.0116,0.0122,0.0129,0.0116,0.009,0.0113,0.0114,0.012,0.0104,1.4518,76.826,120,0.12,9.21912,"0.157477069",0.90296,0.22752,2.33358,0.157477069,NA,0.253123942,NA,"0.025260545","0.226713396","0.004161786",NA,""
"210",130,"Peterson",2018-07-11,"Peri_05_B","Peterson43292Peri_05_B",126.08,102.21,23.87,0.0043,0.362,0.8315,0.1847,0.029,0.0066,0.3177,0.7139,0.1518,0.0294,98.9485,239.722,60,0.06,14.38332,"6.87939224",93.75017,33.44544,146.13533,6.87939224,NA,10.16005554,NA,"2.380073585","7.733822442","0.687640336",NA,""
